Close,High,Low,Open,Volume
^GSPC,^GSPC,^GSPC,^GSPC,^GSPC
4247.43994140625,4248.3798828125,4232.25,4242.89990234375,3815010000
4255.14990234375,4255.58984375,4234.06982421875,4248.31005859375,4151200000
4246.58984375,4257.16015625,4238.35009765625,4255.27978515625,4048940000
4223.7001953125,4251.89013671875,4202.4501953125,4248.8701171875,4538350000
4221.85986328125,4232.2900390625,4196.0498046875,4220.3701171875,5312680000
4166.4501953125,4204.77978515625,4164.39990234375,4204.77978515625,6817010000
4224.7900390625,4226.240234375,4173.39990234375,4173.39990234375,4128950000
4246.43994140625,4255.83984375,4217.27001953125,4224.60986328125,3828390000
4241.83984375,4256.60009765625,4241.43017578125,4249.27001953125,3730350000
4266.490234375,4271.27978515625,4256.97021484375,4256.97021484375,3816660000
4280.7001953125,4286.1201171875,4271.16015625,4274.4501953125,7341450000
4290.60986328125,4292.14013671875,4274.669921875,4284.89990234375,4147890000
4291.7998046875,4300.52001953125,4287.0400390625,4293.2099609375,3707150000
4297.5,4302.43017578125,4287.9599609375,4290.64990234375,4266040000
4319.93994140625,4320.66015625,4300.72998046875,4300.72998046875,3788230000
4352.33984375,4355.43017578125,4326.60009765625,4326.60009765625,3225840000
4343.5400390625,4356.4599609375,4314.3701171875,4356.4599609375,4309570000
4358.1298828125,4361.8798828125,4329.7900390625,4351.009765625,4037380000
4320.81982421875,4330.8798828125,4289.3701171875,4321.06982421875,4347500000
4369.5498046875,4371.60009765625,4329.3798828125,4329.3798828125,3531120000
4384.6298828125,4386.68017578125,4364.02978515625,4372.41015625,3384460000
4369.2099609375,4392.3701171875,4366.919921875,4381.06982421875,3695430000
4374.2998046875,4393.68017578125,4362.35986328125,4380.10986328125,4006370000
4360.02978515625,4369.02001953125,4340.7001953125,4369.02001953125,3905230000
4327.16015625,4375.08984375,4322.52978515625,4367.43017578125,3985700000
4258.490234375,4296.39990234375,4233.1298828125,4296.39990234375,5157660000
4323.06005859375,4336.83984375,4262.0498046875,4265.10986328125,4438270000
4358.68994140625,4359.7001953125,4331.1298828125,4331.1298828125,3810280000
4367.47998046875,4369.8701171875,4350.06005859375,4361.27001953125,3358300000
4411.7900390625,4415.18017578125,4381.2001953125,4381.2001953125,4540070000
4422.2998046875,4422.72998046875,4405.4501953125,4409.580078125,4275630000
4401.4599609375,4416.3798828125,4372.509765625,4416.3798828125,4241950000
4400.64013671875,4415.47021484375,4387.009765625,4402.9501953125,4215290000
4419.14990234375,4429.97021484375,4403.58984375,4403.58984375,4044600000
4395.259765625,4412.25,4389.64990234375,4395.1201171875,3956740000
4387.16015625,4422.18017578125,4384.81005859375,4406.85986328125,3724090000
4423.14990234375,4423.7900390625,4373.0,4392.740234375,3965190000
4402.66015625,4416.169921875,4400.22998046875,4415.9501953125,4260760000
4429.10009765625,4429.759765625,4408.85986328125,4408.85986328125,3769410000
4436.52001953125,4440.81982421875,4429.06982421875,4429.06982421875,3451870000
4432.35009765625,4439.39013671875,4424.740234375,4437.77001953125,3449280000
4436.75,4445.2099609375,4430.02978515625,4435.7900390625,3886610000
4442.41015625,4449.43994140625,4436.419921875,4442.18017578125,3532560000
4460.830078125,4461.77001953125,4435.9599609375,4446.080078125,3375310000
4468.0,4468.3701171875,4460.81982421875,4464.83984375,3016470000
4479.7099609375,4480.259765625,4437.66015625,4461.64990234375,3370640000
4448.080078125,4462.1201171875,4417.830078125,4462.1201171875,3836960000
4400.27001953125,4454.31982421875,4397.58984375,4440.93994140625,3755590000
4405.7998046875,4418.60986328125,4367.72998046875,4382.43994140625,4398410000
4441.669921875,4444.35009765625,4406.7998046875,4410.56005859375,3652610000
4479.52978515625,4489.8798828125,4450.2900390625,4450.2900390625,3576530000
4486.22998046875,4492.81005859375,4482.27978515625,4484.39990234375,3979220000
4496.18994140625,4501.7099609375,4485.66015625,4490.4501953125,3444700000
4470.0,4495.89990234375,4468.990234375,4493.75,3263980000
4509.3701171875,4513.330078125,4474.10009765625,4474.10009765625,3331200000
4528.7900390625,4537.35986328125,4513.759765625,4513.759765625,3168660000
4522.68017578125,4531.39013671875,4515.7998046875,4529.75,4290710000
4524.08984375,4537.10986328125,4522.02001953125,4528.7998046875,4057340000
4536.9501953125,4545.85009765625,4524.66015625,4534.47998046875,3735990000
4535.43017578125,4541.4501953125,4521.2998046875,4532.419921875,3217530000
4520.02978515625,4535.3798828125,4513.0,4535.3798828125,3822960000
4514.06982421875,4521.7900390625,4493.9501953125,4518.08984375,3750880000
4493.27978515625,4529.89990234375,4492.06982421875,4513.02001953125,3735390000
4458.580078125,4520.47021484375,4457.66015625,4506.919921875,3623180000
4468.72998046875,4492.990234375,4445.7001953125,4474.81005859375,3914220000
4443.0498046875,4485.68017578125,4435.4599609375,4479.330078125,3670460000
4480.7001953125,4486.8701171875,4438.3701171875,4447.490234375,4032020000
4473.75,4485.8701171875,4443.7998046875,4477.08984375,3984560000
4432.990234375,4471.52001953125,4427.759765625,4469.740234375,7289530000
4357.72998046875,4402.9501953125,4305.91015625,4402.9501953125,4898070000
4354.18994140625,4394.8701171875,4347.9599609375,4374.4501953125,3920920000
4395.64013671875,4416.75,4367.43017578125,4367.43017578125,3939170000
4448.97998046875,4465.39990234375,4406.75,4406.75,3916350000
4455.47998046875,4463.1201171875,4430.27001953125,4438.0400390625,3384290000
4443.10986328125,4457.2998046875,4436.18994140625,4442.1201171875,4058650000
4352.6298828125,4419.5400390625,4346.330078125,4419.5400390625,4416550000
4359.4599609375,4385.56982421875,4355.080078125,4362.41015625,3712660000
4307.5400390625,4382.5498046875,4306.240234375,4370.669921875,4448140000
4357.0400390625,4375.18994140625,4288.52001953125,4317.16015625,4010370000
4300.4599609375,4355.509765625,4278.93994140625,4348.83984375,4307870000
4345.72021484375,4369.22998046875,4309.8701171875,4309.8701171875,3902890000
4363.5498046875,4365.56982421875,4290.490234375,4319.56982421875,4009630000
4399.759765625,4429.97021484375,4383.72998046875,4383.72998046875,3843740000
4391.33984375,4412.02001953125,4386.22021484375,4406.509765625,3280160000
4361.18994140625,4415.8798828125,4360.58984375,4385.43994140625,3281970000
4350.64990234375,4374.89013671875,4342.08984375,4368.31005859375,3558450000
4363.7998046875,4372.8701171875,4329.919921875,4358.009765625,3620070000
4438.259765625,4439.72998046875,4386.75,4386.75,3598280000
4471.3701171875,4475.81982421875,4447.68994140625,4447.68994140625,3819380000
4486.4599609375,4488.75,4447.47021484375,4463.72021484375,3662010000
4519.6298828125,4520.39990234375,4496.41015625,4497.33984375,3459130000
4536.18994140625,4540.8701171875,4524.39990234375,4524.419921875,3670760000
4549.77978515625,4551.43994140625,4526.89013671875,4532.240234375,3822330000
4544.89990234375,4559.669921875,4524.0,4546.1201171875,3758220000
4566.47998046875,4572.6201171875,4537.35986328125,4553.68994140625,3899400000
4574.7900390625,4598.52978515625,4569.169921875,4578.68994140625,3879740000
4551.68017578125,4584.56982421875,4551.66015625,4580.22021484375,4226050000
4596.419921875,4597.5498046875,4562.83984375,4562.83984375,4132950000
4605.3798828125,4608.080078125,4567.58984375,4572.8701171875,4510200000
4613.669921875,4620.33984375,4595.06005859375,4610.6201171875,3971540000
4630.64990234375,4635.14990234375,4613.33984375,4613.33984375,3975250000
4660.56982421875,4663.4599609375,4621.18994140625,4630.64990234375,4319660000
4680.06005859375,4683.0,4662.58984375,4662.93017578125,4462300000
4697.52978515625,4718.5,4681.31982421875,4699.259765625,4467180000
4701.7001953125,4714.919921875,4694.39013671875,4701.47998046875,4269710000
4685.25,4708.52978515625,4670.8701171875,4707.25,4117080000
4646.7099609375,4684.85009765625,4630.85986328125,4670.259765625,4503720000
4649.27001953125,4664.5498046875,4648.31005859375,4659.39013671875,3926870000
4682.85009765625,4688.47021484375,4650.77001953125,4655.240234375,3728600000
4682.7998046875,4697.419921875,4672.85986328125,4689.2998046875,3488410000
4700.89990234375,4714.9501953125,4679.419921875,4679.419921875,3972640000
4688.669921875,4701.5,4684.41015625,4701.5,3969070000
4704.5400390625,4708.7998046875,4672.77978515625,4700.72021484375,4226410000
4697.9599609375,4717.75,4694.22021484375,4708.43994140625,4253180000
4682.93994140625,4743.830078125,4682.169921875,4712.0,4441100000
4690.7001953125,4699.39013671875,4652.66015625,4678.47998046875,4277590000
4701.4599609375,4702.8701171875,4659.89013671875,4675.77978515625,3418430000
4594.6201171875,4664.6298828125,4585.43017578125,4664.6298828125,3517700000
4655.27001953125,4672.9501953125,4625.259765625,4628.75,4336410000
4567.0,4646.02001953125,4560.0,4640.25,6625990000
4513.0400390625,4652.93994140625,4510.27001953125,4602.81982421875,5366730000
4577.10009765625,4595.4599609375,4504.72998046875,4504.72998046875,5077180000
4538.43017578125,4608.02978515625,4495.1201171875,4589.490234375,5240070000
4591.669921875,4612.60009765625,4540.509765625,4548.3701171875,4770800000
4686.75,4694.0400390625,4631.97021484375,4631.97021484375,4492400000
4701.2099609375,4705.06005859375,4674.52001953125,4690.85986328125,4234600000
4667.4501953125,4695.259765625,4665.97998046875,4691.0,3903840000
4712.02001953125,4713.56982421875,4670.240234375,4687.64013671875,3870110000
4668.97021484375,4710.2998046875,4667.60009765625,4710.2998046875,4397230000
4634.08984375,4660.47021484375,4606.52001953125,4642.990234375,4485430000
4709.85009765625,4712.60009765625,4611.22021484375,4636.4599609375,4910130000
4668.669921875,4731.990234375,4651.89013671875,4719.1298828125,4829500000
4620.64013671875,4666.7001953125,4600.22021484375,4652.5,7987090000
4568.02001953125,4587.89990234375,4531.10009765625,4587.89990234375,4635700000
4649.22998046875,4651.14013671875,4583.16015625,4594.9599609375,4072430000
4696.56005859375,4697.669921875,4645.52978515625,4650.35986328125,3319610000
4725.7900390625,4740.740234375,4703.9599609375,4703.9599609375,2913040000
4791.18994140625,4791.490234375,4733.990234375,4733.990234375,2770290000
4786.35009765625,4807.02001953125,4780.0400390625,4795.490234375,2707920000
4793.06005859375,4804.06005859375,4778.080078125,4788.64013671875,2963310000
4778.72998046875,4808.93017578125,4775.330078125,4794.22998046875,3124950000
4766.18017578125,4786.830078125,4765.75,4775.2099609375,2677820000
4796.56005859375,4796.64013671875,4758.169921875,4778.14013671875,3831020000
4793.5400390625,4818.6201171875,4774.27001953125,4804.509765625,4683170000
4700.580078125,4797.7001953125,4699.43994140625,4787.990234375,4887960000
4696.0498046875,4725.009765625,4671.259765625,4693.39013671875,4295280000
4677.02978515625,4707.9501953125,4662.740234375,4697.66015625,4181510000
4670.2900390625,4673.02001953125,4582.240234375,4655.33984375,4511810000
4713.06982421875,4714.1298828125,4638.27001953125,4669.14013671875,4101590000
4726.35009765625,4748.830078125,4706.7099609375,4728.58984375,4048220000
4659.02978515625,4744.1298828125,4650.2900390625,4733.56005859375,4251730000
4662.85009765625,4665.1298828125,4614.75,4637.990234375,4338490000
4577.10986328125,4632.240234375,4568.7001953125,4632.240234375,4748700000
4532.759765625,4611.5498046875,4530.2001953125,4588.02978515625,4465740000
4482.72998046875,4602.10986328125,4477.9501953125,4547.35009765625,4640870000
4397.93994140625,4494.52001953125,4395.33984375,4471.3798828125,5589100000
4410.1298828125,4417.35009765625,4222.6201171875,4356.31982421875,6928110000
4356.4501953125,4411.009765625,4287.10986328125,4366.64013671875,5145050000
4349.93017578125,4453.22998046875,4304.7998046875,4408.43017578125,5570640000
4326.509765625,4428.740234375,4309.5,4380.580078125,5214200000
4431.85009765625,4432.72021484375,4292.4599609375,4336.18994140625,5031090000
4515.5498046875,4516.89013671875,4414.02001953125,4431.7900390625,5098610000
4546.5400390625,4550.490234375,4483.52978515625,4519.56982421875,4816830000
4589.3798828125,4595.31005859375,4544.31982421875,4566.39013671875,4481580000
4477.43994140625,4542.8798828125,4470.39013671875,4535.41015625,4401970000
4500.52978515625,4539.66015625,4451.5,4482.7900390625,4706290000
4483.8701171875,4521.85986328125,4471.47021484375,4505.75,4228480000
4521.5400390625,4531.31982421875,4465.39990234375,4480.02001953125,4459620000
4587.18017578125,4590.02978515625,4547.0,4547.0,4524350000
4504.080078125,4588.919921875,4484.31005859375,4553.240234375,5314860000
4418.64013671875,4526.330078125,4401.41015625,4506.27001953125,5251500000
4401.669921875,4426.22021484375,4364.83984375,4412.60986328125,4600390000
4471.06982421875,4472.77001953125,4429.27978515625,4429.27978515625,4430830000
4475.009765625,4489.5498046875,4429.68017578125,4455.75,4283640000
4380.259765625,4456.06005859375,4373.81005859375,4456.06005859375,4539420000
4348.8701171875,4394.60009765625,4327.22021484375,4384.56982421875,4708060000
4304.759765625,4362.1201171875,4267.10986328125,4332.740234375,5121900000
4225.5,4341.509765625,4221.509765625,4324.93017578125,4797430000
4288.7001953125,4294.72998046875,4114.64990234375,4155.77001953125,6752130000
4384.64990234375,4385.33984375,4286.830078125,4298.3798828125,5177060000
4373.93994140625,4388.83984375,4315.1201171875,4354.169921875,6071370000
4306.259765625,4378.4501953125,4279.5400390625,4363.14013671875,5846230000
4386.5400390625,4401.47998046875,4322.56005859375,4322.56005859375,5337870000
4363.490234375,4416.77978515625,4345.56005859375,4401.31005859375,5039890000
4328.8701171875,4342.1201171875,4284.97998046875,4342.1201171875,5797380000
4201.08984375,4327.009765625,4199.85009765625,4327.009765625,6940470000
4170.7001953125,4276.93994140625,4157.8701171875,4202.66015625,7243120000
4277.8798828125,4299.39990234375,4223.10009765625,4223.10009765625,5662670000
4259.52001953125,4268.27978515625,4209.7998046875,4252.5498046875,4980830000
4204.31005859375,4291.009765625,4200.490234375,4279.5,4938640000
4173.10986328125,4247.56982421875,4161.72021484375,4202.75,5574920000
4262.4501953125,4271.0498046875,4187.89990234375,4188.81982421875,5392470000
4357.85986328125,4358.89990234375,4251.990234375,4288.14013671875,6309750000
4411.669921875,4412.669921875,4335.64990234375,4345.10986328125,4985090000
4463.1201171875,4465.39990234375,4390.56982421875,4407.33984375,8278430000
4461.18017578125,4481.75,4424.2998046875,4462.39990234375,4869820000
4511.60986328125,4522.0,4469.10009765625,4469.10009765625,4754840000
4456.240234375,4501.06982421875,4455.81005859375,4493.10009765625,4550670000
4520.16015625,4520.580078125,4465.169921875,4469.97998046875,4131390000
4543.06005859375,4546.02978515625,4501.06982421875,4522.91015625,4305020000
4575.52001953125,4575.64990234375,4517.68994140625,4541.08984375,4312260000
4631.60009765625,4637.2998046875,4589.66015625,4602.85986328125,5085910000
4602.4501953125,4627.77001953125,4581.31982421875,4624.2001953125,4385570000
4530.41015625,4603.06982421875,4530.41015625,4599.02001953125,4823020000
4545.85986328125,4548.7001953125,4507.56982421875,4540.31982421875,4562940000
4582.64013671875,4583.5,4539.2099609375,4547.97021484375,4547350000
4525.1201171875,4593.4501953125,4514.169921875,4572.4501953125,4800620000
4481.14990234375,4503.93994140625,4450.0400390625,4494.169921875,4986830000
4500.2099609375,4521.16015625,4450.2998046875,4474.64990234375,4821490000
4488.27978515625,4520.41015625,4474.60009765625,4494.14990234375,4083200000
4412.52978515625,4464.35009765625,4408.3798828125,4462.64013671875,4266290000
4397.4501953125,4471.0,4381.33984375,4437.58984375,4152090000
4446.58984375,4453.919921875,4392.7001953125,4394.2998046875,3828150000
4392.58984375,4460.4599609375,4390.77001953125,4449.1201171875,4083090000
4391.68994140625,4410.31005859375,4370.2998046875,4385.6298828125,3910490000
4462.2099609375,4471.02978515625,4390.6298828125,4390.6298828125,4108120000
4459.4501953125,4488.2900390625,4448.759765625,4472.259765625,4290450000
4393.66015625,4512.93994140625,4384.47021484375,4489.169921875,4636890000
4271.77978515625,4385.830078125,4267.6201171875,4385.830078125,4651940000
4296.1201171875,4299.02001953125,4200.81982421875,4255.33984375,5240040000
4175.2001953125,4278.14013671875,4175.0400390625,4278.14013671875,4689970000
4183.9599609375,4240.7099609375,4162.89990234375,4186.52001953125,4769680000
4287.5,4308.4501953125,4188.6298828125,4222.580078125,4854180000
4131.93017578125,4269.68017578125,4124.27978515625,4253.75,5084030000
4155.3798828125,4169.81005859375,4062.510009765625,4130.60986328125,5163790000
4175.47998046875,4200.10009765625,4147.080078125,4159.77978515625,4582050000
4300.169921875,4307.66015625,4148.91015625,4181.18017578125,5136360000
4146.8701171875,4270.43017578125,4106.009765625,4270.43017578125,5077030000
4123.33984375,4157.68994140625,4067.909912109375,4128.169921875,5116940000
3991.239990234375,4081.27001953125,3975.47998046875,4081.27001953125,5954520000
4001.050048828125,4068.820068359375,3958.169921875,4035.179931640625,5885820000
3935.179931640625,4049.090087890625,3928.820068359375,3990.080078125,5816140000
3930.080078125,3964.800048828125,3858.8701171875,3903.949951171875,6286450000
4023.889892578125,4038.8798828125,3963.89990234375,3963.89990234375,5183340000
4008.010009765625,4046.4599609375,3983.989990234375,4013.02001953125,4415030000
4088.85009765625,4090.719970703125,4033.929931640625,4052.0,4841410000
3923.679931640625,4051.97998046875,3911.909912109375,4051.97998046875,5103220000
3900.7900390625,3945.9599609375,3876.580078125,3899.0,5113550000
3901.360107421875,3943.419921875,3810.320068359375,3927.760009765625,5130730000
3973.75,3981.8798828125,3909.0400390625,3919.419921875,4420030000
3941.47998046875,3955.679931640625,3875.1298828125,3942.93994140625,4923190000
3978.72998046875,3999.330078125,3925.030029296875,3929.590087890625,4802560000
4057.840087890625,4075.139892578125,3984.60009765625,3984.60009765625,4709970000
4158.240234375,4158.490234375,4077.429931640625,4077.429931640625,4375620000
4132.14990234375,4168.33984375,4104.8798828125,4151.08984375,6822640000
4101.22998046875,4166.5400390625,4073.85009765625,4149.77978515625,4531800000
4176.81982421875,4177.509765625,4074.3701171875,4095.409912109375,4405790000
4108.5400390625,4142.669921875,4098.669921875,4137.56982421875,3711110000
4121.43017578125,4168.77978515625,4109.18017578125,4134.72021484375,4332700000
4160.68017578125,4164.85986328125,4080.18994140625,4096.47021484375,4248210000
4115.77001953125,4160.14013671875,4107.2001953125,4147.1201171875,4159470000
4017.820068359375,4119.10009765625,4017.169921875,4101.64990234375,4134170000
3900.860107421875,3974.389892578125,3900.159912109375,3974.389892578125,4889640000
3749.6298828125,3838.14990234375,3734.300048828125,3838.14990234375,5636890000
3735.47998046875,3778.179931640625,3705.679931640625,3763.52001953125,5153890000
3789.989990234375,3837.56005859375,3722.300048828125,3764.050048828125,5530480000
3666.77001953125,3728.179931640625,3639.77001953125,3728.179931640625,5644930000
3674.840087890625,3707.7099609375,3636.8701171875,3665.89990234375,8520740000
3764.7900390625,3779.64990234375,3715.31005859375,3715.31005859375,5292260000
3759.889892578125,3801.7900390625,3717.68994140625,3733.889892578125,5058990000
3795.72998046875,3802.580078125,3743.52001953125,3774.7099609375,5098640000
3911.739990234375,3913.64990234375,3821.75,3821.75,8120260000
3900.110107421875,3927.719970703125,3889.659912109375,3920.760009765625,4325310000
3821.550048828125,3945.860107421875,3820.139892578125,3913.0,4270120000
3818.830078125,3836.5,3799.02001953125,3825.090087890625,4211240000
3785.3798828125,3818.989990234375,3738.669921875,3785.989990234375,4840070000
3825.330078125,3829.820068359375,3752.10009765625,3781.0,4046950000
3831.389892578125,3832.18994140625,3742.06005859375,3792.610107421875,5076590000
3845.080078125,3870.909912109375,3809.3701171875,3831.97998046875,4417720000
3902.6201171875,3910.6298828125,3858.85009765625,3858.85009765625,4057770000
3899.3798828125,3918.5,3869.340087890625,3888.260009765625,3521620000
3854.429931640625,3880.93994140625,3847.219970703125,3880.93994140625,3423480000
3818.800048828125,3873.409912109375,3802.360107421875,3851.949951171875,3817210000
3801.780029296875,3829.43994140625,3759.070068359375,3779.669921875,4109390000
3790.3798828125,3796.409912109375,3721.56005859375,3763.989990234375,4199690000
3863.159912109375,3863.6201171875,3817.179931640625,3818.0,4143800000
3830.85009765625,3902.43994140625,3818.6298828125,3883.7900390625,4046870000
3936.68994140625,3939.81005859375,3860.72998046875,3860.72998046875,4041070000
3959.89990234375,3974.1298828125,3922.030029296875,3935.320068359375,4185300000
3998.949951171875,3999.2900390625,3927.639892578125,3955.469970703125,4132790000
3961.6298828125,4012.43994140625,3938.860107421875,3998.429931640625,3979240000
3966.840087890625,3975.300048828125,3943.4599609375,3965.719970703125,3568340000
3921.050048828125,3953.219970703125,3910.739990234375,3953.219970703125,3778950000
4023.610107421875,4039.56005859375,3951.429931640625,3951.429931640625,4112180000
4072.429931640625,4078.949951171875,3992.969970703125,4026.1298828125,4413000000
4130.2900390625,4140.14990234375,4079.219970703125,4087.330078125,4616360000
4118.6298828125,4144.9501953125,4096.02001953125,4112.3798828125,4202810000
4091.18994140625,4140.47021484375,4079.81005859375,4104.2099609375,4727710000
4155.169921875,4167.66015625,4107.9599609375,4107.9599609375,4351760000
4151.93994140625,4161.2900390625,4135.419921875,4154.85009765625,4283320000
4145.18994140625,4151.580078125,4107.31005859375,4115.8701171875,4085940000
4140.06005859375,4186.6201171875,4128.97021484375,4155.93017578125,4221090000
4122.47021484375,4137.2998046875,4112.08984375,4133.10986328125,3913090000
4210.240234375,4211.02978515625,4177.259765625,4181.02001953125,4546010000
4207.27001953125,4257.91015625,4201.41015625,4227.39990234375,4630200000
4280.14990234375,4280.47021484375,4219.77978515625,4225.02001953125,3788010000
4297.14013671875,4301.7900390625,4256.89990234375,4269.3701171875,3696830000
4305.2001953125,4325.27978515625,4277.77001953125,4290.4599609375,4329820000
4274.0400390625,4302.18017578125,4253.080078125,4280.39990234375,3885030000
4283.740234375,4292.52978515625,4261.97998046875,4273.1298828125,3340330000
4228.47998046875,4266.31005859375,4218.7001953125,4266.31005859375,3761340000
4137.990234375,4195.080078125,4129.85986328125,4195.080078125,3907430000
4128.72998046875,4159.77001953125,4124.02978515625,4133.08984375,3823520000
4140.77001953125,4156.56005859375,4119.97021484375,4126.5498046875,3583630000
4199.1201171875,4200.5400390625,4147.58984375,4153.259765625,3566870000
4057.659912109375,4203.0400390625,4057.659912109375,4198.740234375,3832750000
4030.610107421875,4062.989990234375,4017.419921875,4034.580078125,3396510000
3986.159912109375,4044.97998046875,3965.2099609375,4041.25,3835860000
3955.0,4015.3701171875,3954.530029296875,4000.669921875,4542490000
3966.85009765625,3970.22998046875,3903.64990234375,3936.72998046875,4152250000
3924.260009765625,4018.429931640625,3906.2099609375,3994.659912109375,3665850000
3908.18994140625,3942.550048828125,3886.75,3930.889892578125,4127340000
3979.8701171875,3987.889892578125,3906.030029296875,3909.429931640625,3890320000
4006.179931640625,4010.5,3944.81005859375,3959.93994140625,3966850000
4067.360107421875,4076.81005859375,4022.93994140625,4022.93994140625,3901940000
4110.41015625,4119.27978515625,4083.669921875,4083.669921875,3814200000
3932.68994140625,4037.1201171875,3921.280029296875,4037.1201171875,4224550000
3946.010009765625,3961.93994140625,3912.179931640625,3940.72998046875,4293240000
3901.35009765625,3959.139892578125,3888.280029296875,3932.409912109375,4441830000
3873.330078125,3880.949951171875,3837.080078125,3880.949951171875,7954650000
3899.889892578125,3900.449951171875,3838.5,3849.909912109375,3766850000
3855.929931640625,3876.010009765625,3827.5400390625,3875.22998046875,4058050000
3789.929931640625,3907.070068359375,3789.489990234375,3871.39990234375,4078330000
3757.989990234375,3790.89990234375,3749.449951171875,3782.360107421875,4284600000
3693.22998046875,3727.139892578125,3647.469970703125,3727.139892578125,5144270000
3655.0400390625,3715.669921875,3644.760009765625,3682.719970703125,4886140000
3647.2900390625,3717.530029296875,3623.2900390625,3686.43994140625,4577740000
3719.0400390625,3736.739990234375,3640.610107421875,3651.93994140625,4684850000
3640.469970703125,3687.010009765625,3610.39990234375,3687.010009765625,4681810000
3585.6201171875,3671.43994140625,3584.1298828125,3633.47998046875,5645360000
3678.429931640625,3698.35009765625,3604.929931640625,3609.780029296875,4806680000
3790.929931640625,3791.919921875,3726.4599609375,3726.4599609375,5146580000
3783.280029296875,3806.909912109375,3722.659912109375,3753.25,4293180000
3744.52001953125,3797.929931640625,3739.219970703125,3771.969970703125,4252100000
3639.659912109375,3706.739990234375,3620.72998046875,3706.739990234375,4449660000
3612.389892578125,3652.169921875,3588.10009765625,3647.510009765625,3834320000
3588.840087890625,3640.659912109375,3568.449951171875,3595.860107421875,4759030000
3577.030029296875,3608.340087890625,3573.860107421875,3590.830078125,4006830000
3669.909912109375,3685.409912109375,3491.580078125,3520.3701171875,5021680000
3583.070068359375,3712.0,3579.679931640625,3690.409912109375,4243030000
3677.949951171875,3689.72998046875,3638.64990234375,3638.64990234375,4352780000
3719.97998046875,3762.7900390625,3686.530029296875,3746.260009765625,4483740000
3695.159912109375,3728.580078125,3666.510009765625,3703.110107421875,4223800000
3665.780029296875,3736.0,3656.43994140625,3689.050048828125,4496620000
3752.75,3757.889892578125,3647.419921875,3657.10009765625,5078020000
3797.340087890625,3810.739990234375,3741.64990234375,3762.010009765625,4747930000
3859.110107421875,3862.85009765625,3799.43994140625,3799.43994140625,4843120000
3830.60009765625,3886.14990234375,3824.070068359375,3825.969970703125,4817310000
3807.300048828125,3859.949951171875,3803.7900390625,3834.68994140625,4687320000
3901.06005859375,3905.419921875,3808.260009765625,3808.260009765625,4459410000
3871.97998046875,3893.72998046875,3863.179931640625,3881.85009765625,4820620000
3856.10009765625,3911.7900390625,3843.800048828125,3901.7900390625,4481210000
3759.68994140625,3894.43994140625,3758.679931640625,3852.89990234375,4899000000
3719.889892578125,3750.590087890625,3698.14990234375,3733.25,4625290000
3770.550048828125,3796.340087890625,3708.840087890625,3766.97998046875,5400180000
3806.800048828125,3813.949951171875,3764.699951171875,3780.7099609375,4341620000
3828.110107421875,3859.39990234375,3786.280029296875,3817.02001953125,4607640000
3748.570068359375,3818.199951171875,3744.219970703125,3810.93994140625,4645010000
3956.3701171875,3958.330078125,3859.889892578125,3859.889892578125,5781260000
3992.929931640625,4001.47998046875,3944.820068359375,3963.719970703125,5593310000
3957.25,4008.969970703125,3956.39990234375,3977.969970703125,4561930000
3991.72998046875,4028.840087890625,3953.169921875,4006.409912109375,5015310000
3958.7900390625,3983.090087890625,3954.340087890625,3976.820068359375,4165320000
3946.56005859375,3954.330078125,3906.5400390625,3919.260009765625,4051780000
3965.340087890625,3979.889892578125,3935.97998046875,3966.389892578125,4037360000
3949.93994140625,3962.0,3933.340087890625,3956.22998046875,3850690000
4003.580078125,4005.8798828125,3956.8798828125,3965.510009765625,3887990000
4027.260009765625,4033.780029296875,3998.659912109375,4000.300048828125,3279720000
4026.1201171875,4034.02001953125,4020.760009765625,4023.340087890625,1706460000
3963.93994140625,4012.27001953125,3955.77001953125,4005.360107421875,3615430000
3957.6298828125,3976.77001953125,3937.64990234375,3964.18994140625,3546040000
4080.110107421875,4080.110107421875,3938.580078125,3957.179931640625,6579360000
4076.570068359375,4100.509765625,4050.8701171875,4087.139892578125,4527130000
4071.699951171875,4080.47998046875,4026.6298828125,4040.169921875,4012620000
3998.840087890625,4052.449951171875,3984.489990234375,4052.02001953125,4280820000
3941.260009765625,4001.510009765625,3918.389892578125,3996.6298828125,4368380000
3933.919921875,3957.570068359375,3922.679931640625,3933.280029296875,4118050000
3963.510009765625,3974.18994140625,3935.830078125,3947.7900390625,4006900000
3934.3798828125,3977.02001953125,3933.0400390625,3954.169921875,3888260000
3990.56005859375,3990.7099609375,3935.300048828125,3939.2900390625,3904130000
4019.64990234375,4100.9599609375,3993.030029296875,4069.3798828125,5079360000
3995.320068359375,4053.760009765625,3965.64990234375,4015.5400390625,4472340000
3895.75,3958.3701171875,3879.449951171875,3958.3701171875,4493900000
3852.360107421875,3890.909912109375,3827.909912109375,3890.909912109375,7493660000
3817.659912109375,3854.860107421875,3800.0400390625,3853.7900390625,3969610000
3821.6201171875,3838.239990234375,3795.6201171875,3810.469970703125,3985370000
3878.43994140625,3889.820068359375,3839.489990234375,3839.489990234375,3775200000
3822.389892578125,3853.260009765625,3764.489990234375,3853.260009765625,3956950000
3844.820068359375,3845.800048828125,3797.010009765625,3815.110107421875,2819280000
3829.25,3846.64990234375,3813.219970703125,3843.340087890625,3030300000
3783.219970703125,3848.320068359375,3780.780029296875,3829.56005859375,3083520000
3849.280029296875,3858.18994140625,3805.449951171875,3805.449951171875,3003680000
3839.5,3839.85009765625,3800.340087890625,3829.06005859375,2979870000
3824.139892578125,3878.4599609375,3794.330078125,3853.2900390625,3959140000
3852.969970703125,3873.159912109375,3815.77001953125,3840.360107421875,4414080000
3808.10009765625,3839.739990234375,3802.419921875,3839.739990234375,3893450000
3895.080078125,3906.18994140625,3809.56005859375,3823.3701171875,3923560000
3892.090087890625,3950.570068359375,3890.419921875,3910.820068359375,4311770000
3919.25,3919.830078125,3877.2900390625,3888.570068359375,3851030000
3969.610107421875,3970.070068359375,3928.5400390625,3932.35009765625,4303360000
3983.169921875,3997.760009765625,3937.56005859375,3977.570068359375,4440260000
3999.090087890625,4003.949951171875,3947.669921875,3960.60009765625,3939700000
3990.969970703125,4015.389892578125,3984.570068359375,3999.280029296875,4235560000
3928.860107421875,4014.159912109375,3926.590087890625,4002.25,4298710000
3898.85009765625,3922.93994140625,3885.5400390625,3911.840087890625,3991500000
3972.610107421875,3972.9599609375,3897.860107421875,3909.0400390625,4013360000
4019.81005859375,4039.31005859375,3971.639892578125,3978.139892578125,3945210000
4016.949951171875,4023.919921875,3989.7900390625,4001.739990234375,3320430000
4016.219970703125,4019.550048828125,3949.06005859375,3982.7099609375,3724020000
4060.429931640625,4061.570068359375,4013.2900390625,4036.080078125,3809590000
4070.56005859375,4094.2099609375,4048.699951171875,4053.719970703125,3907760000
4017.77001953125,4063.85009765625,4015.550048828125,4049.27001953125,3802000000
4076.60009765625,4077.159912109375,4020.43994140625,4020.85009765625,4679320000
4119.2099609375,4148.9501953125,4037.199951171875,4070.070068359375,4856930000
4179.759765625,4195.43994140625,4141.8798828125,4158.68017578125,5624360000
4136.47998046875,4182.35986328125,4123.35986328125,4136.68994140625,4694510000
4111.080078125,4124.6298828125,4093.3798828125,4119.56982421875,4114240000
4164.0,4176.5400390625,4088.389892578125,4105.35009765625,4355860000
4117.85986328125,4156.85009765625,4111.669921875,4153.47021484375,4029820000
4081.5,4156.22998046875,4069.669921875,4144.25,4270200000
4090.4599609375,4094.360107421875,4060.7900390625,4068.919921875,3891520000
4137.2900390625,4138.89990234375,4092.669921875,4096.6201171875,3448620000
4136.1298828125,4159.77001953125,4095.010009765625,4126.7001953125,3929200000
4147.60009765625,4148.10986328125,4103.97998046875,4119.5,4075980000
4090.409912109375,4136.5400390625,4089.489990234375,4114.75,4143660000
4079.090087890625,4081.510009765625,4047.949951171875,4077.389892578125,4045480000
3997.340087890625,4052.35009765625,3995.18994140625,4052.35009765625,4121590000
3991.050048828125,4017.3701171875,3976.89990234375,4001.830078125,4079320000
4012.320068359375,4028.300048828125,3969.18994140625,4018.60009765625,3952940000
3970.0400390625,3978.25,3943.080078125,3973.239990234375,3877700000
3982.239990234375,4018.050048828125,3973.550048828125,3992.360107421875,3836950000
3970.14990234375,3997.5,3968.97998046875,3977.18994140625,5043400000
3951.389892578125,3971.72998046875,3939.050048828125,3963.340087890625,4249480000
3981.35009765625,3990.840087890625,3928.159912109375,3938.679931640625,4244900000
4045.639892578125,4048.2900390625,3995.169921875,3998.02001953125,4084730000
4048.419921875,4078.489990234375,4044.610107421875,4055.14990234375,4000870000
3986.3701171875,4050.0,3980.31005859375,4048.260009765625,3922500000
3992.010009765625,4000.409912109375,3969.760009765625,3987.550048828125,3535570000
3918.320068359375,4017.81005859375,3908.699951171875,3998.659912109375,4445260000
3861.590087890625,3934.050048828125,3846.320068359375,3912.77001953125,5518190000
3855.760009765625,3905.050048828125,3808.860107421875,3835.1201171875,6558020000
3919.2900390625,3937.2900390625,3873.6298828125,3894.010009765625,5665870000
3891.929931640625,3894.260009765625,3838.239990234375,3876.739990234375,6594010000
3960.280029296875,3964.4599609375,3864.110107421875,3878.929931640625,5695790000
3916.639892578125,3958.909912109375,3901.27001953125,3958.68994140625,9354280000
3951.570068359375,3956.6201171875,3916.889892578125,3917.469970703125,5347140000
4002.8701171875,4009.080078125,3971.18994140625,3975.889892578125,4920240000
3936.969970703125,4039.489990234375,3936.169921875,4002.0400390625,4533010000
3948.719970703125,4007.659912109375,3919.050048828125,3959.2099609375,4991600000
3970.989990234375,3972.739990234375,3909.159912109375,3939.2099609375,4583970000
3977.530029296875,4003.830078125,3970.489990234375,3982.929931640625,4233540000
3971.27001953125,3979.199951171875,3951.530029296875,3974.1298828125,4014600000
4027.81005859375,4030.590087890625,3999.530029296875,3999.530029296875,4145250000
4050.830078125,4057.85009765625,4032.10009765625,4046.739990234375,3930860000
4109.31005859375,4110.75,4056.179931640625,4056.179931640625,4525120000
4124.509765625,4127.66015625,4098.7900390625,4102.2001953125,4234700000
4100.60009765625,4133.1298828125,4086.8701171875,4128.02978515625,4227800000
4090.3798828125,4099.68994140625,4072.56005859375,4094.5,3968020000
4105.02001953125,4107.31982421875,4069.840087890625,4081.14990234375,3486690000
4109.10986328125,4109.5,4072.550048828125,4085.199951171875,3423650000
4108.93994140625,4124.259765625,4102.60986328125,4110.2900390625,3665830000
4091.949951171875,4134.3701171875,4086.93994140625,4121.72021484375,3633120000
4146.22021484375,4150.259765625,4099.39990234375,4100.0400390625,3596590000
4137.64013671875,4163.18994140625,4113.2001953125,4140.10986328125,3575690000
4151.31982421875,4151.72021484375,4123.18017578125,4137.169921875,3611180000
4154.8701171875,4169.47998046875,4140.35986328125,4164.259765625,3536640000
4154.52001953125,4162.56982421875,4134.490234375,4139.330078125,3572560000
4129.7900390625,4148.56982421875,4114.56982421875,4130.47998046875,3772080000
4133.52001953125,4138.02001953125,4113.85986328125,4132.14013671875,3611750000
4137.0400390625,4142.41015625,4117.77001953125,4132.06982421875,3290940000
4071.6298828125,4126.43017578125,4071.3798828125,4126.43017578125,3978640000
4055.989990234375,4089.669921875,4049.35009765625,4087.780029296875,3837030000
4135.35009765625,4138.240234375,4075.2900390625,4075.2900390625,3750550000
4169.47998046875,4170.06005859375,4127.18017578125,4129.6298828125,4087800000
4167.8701171875,4186.919921875,4164.1201171875,4166.7900390625,3321370000
4119.580078125,4164.10009765625,4089.719970703125,4164.10009765625,4486130000
4090.75,4148.2998046875,4088.860107421875,4122.25,4246510000
4061.219970703125,4082.610107421875,4048.280029296875,4082.550048828125,4920090000
4136.25,4147.02001953125,4084.72998046875,4084.72998046875,4186270000
4138.1201171875,4142.2998046875,4123.81005859375,4136.97998046875,3641640000
4119.169921875,4130.35009765625,4116.64990234375,4124.25,3810140000
4137.64013671875,4154.27978515625,4098.919921875,4143.740234375,4057160000
4130.6201171875,4132.7998046875,4109.2900390625,4132.240234375,3752900000
4124.080078125,4143.740234375,4099.1201171875,4138.5400390625,3533740000
4136.27978515625,4141.25,4110.27001953125,4126.64990234375,3562170000
4109.89990234375,4135.5400390625,4109.85986328125,4127.9501953125,3654200000
4158.77001953125,4164.669921875,4113.6201171875,4122.85009765625,4039080000
4198.0498046875,4202.2001953125,4153.5,4157.68017578125,3980500000
4191.97998046875,4212.91015625,4180.2001953125,4204.14990234375,4041900000
4192.6298828125,4209.22021484375,4179.68017578125,4190.77978515625,3728520000
4145.580078125,4185.68017578125,4142.5400390625,4176.7998046875,4155320000
4115.240234375,4132.9599609375,4103.97998046875,4132.9599609375,0
4151.27978515625,4165.740234375,4129.72998046875,4155.7099609375,4147760000
4205.4501953125,4212.8701171875,4156.16015625,4156.16015625,3715460000
4205.52001953125,4231.10009765625,4192.18017578125,4226.7099609375,4228510000
4179.830078125,4195.43994140625,4166.14990234375,4190.740234375,5980670000
4221.02001953125,4232.43017578125,4171.64013671875,4183.02978515625,4391860000
4282.3701171875,4290.669921875,4241.009765625,4241.009765625,4454200000
4273.7900390625,4299.27978515625,4266.81982421875,4282.990234375,3813290000
4283.85009765625,4288.330078125,4263.08984375,4271.33984375,3996560000
4267.52001953125,4299.18994140625,4263.9599609375,4285.47021484375,4537800000
4293.93017578125,4298.009765625,4261.06982421875,4268.68994140625,3826740000
4298.85986328125,4322.6201171875,4291.7001953125,4304.8798828125,3786510000
4338.93017578125,4340.1298828125,4304.3701171875,4308.31982421875,3945670000
4369.009765625,4375.3701171875,4349.31005859375,4352.60986328125,4275400000
4372.58984375,4391.81982421875,4337.85009765625,4366.2900390625,4252110000
4425.83984375,4439.2001953125,4362.60009765625,4365.330078125,4176690000
4409.58984375,4448.47021484375,4407.43994140625,4440.9501953125,6848600000
4388.7099609375,4400.14990234375,4367.18994140625,4396.10986328125,4055790000
4365.68994140625,4386.22021484375,4360.14013671875,4380.009765625,3709330000
4381.89013671875,4382.25,4351.81982421875,4355.39990234375,3511000000
4348.330078125,4366.5498046875,4341.33984375,4354.169921875,6053620000
4328.81982421875,4362.06005859375,4328.080078125,4344.83984375,3415030000
4378.41015625,4384.419921875,4335.0,4337.35986328125,3573500000
4376.85986328125,4390.35009765625,4360.22021484375,4367.47998046875,3739330000
4396.43994140625,4398.39013671875,4371.97021484375,4374.93994140625,3696660000
4450.3798828125,4458.47998046875,4422.43994140625,4422.43994140625,3923450000
4455.58984375,4456.4599609375,4442.2900390625,4450.47998046875,2034280000
4446.81982421875,4454.06005859375,4436.60986328125,4442.0400390625,3482620000
4411.58984375,4422.6201171875,4385.0498046875,4422.6201171875,3682020000
4398.9501953125,4440.39013671875,4397.39990234375,4404.5400390625,3630480000
4409.52978515625,4412.60009765625,4389.919921875,4394.22998046875,3429600000
4439.259765625,4443.64013671875,4408.4599609375,4415.5498046875,3624220000
4472.16015625,4488.33984375,4463.22998046875,4467.68994140625,3920290000
4510.0400390625,4517.3798828125,4489.35986328125,4491.5,3839530000
4505.419921875,4527.759765625,4499.56005859375,4514.60986328125,3647450000
4522.7900390625,4532.85009765625,4504.89990234375,4508.85986328125,3538240000
4554.97998046875,4562.2998046875,4514.58984375,4521.77978515625,4090010000
4565.72021484375,4578.43017578125,4557.47998046875,4563.8701171875,4115670000
4534.8701171875,4564.740234375,4527.56005859375,4554.3798828125,3761770000
4536.33984375,4555.0,4535.7900390625,4550.16015625,3570190000
4554.64013671875,4563.41015625,4541.2900390625,4543.39013671875,3856250000
4567.4599609375,4580.6201171875,4552.419921875,4555.18994140625,3812470000
4566.75,4582.47021484375,4547.580078125,4558.9599609375,3990290000
4537.41015625,4607.06982421875,4528.56005859375,4598.259765625,4553210000
4582.22998046875,4590.16015625,4564.009765625,4565.75,3981010000
4588.9599609375,4594.22021484375,4573.14013671875,4584.81982421875,4503600000
4576.72998046875,4584.6201171875,4567.52978515625,4578.830078125,4042370000
4513.39013671875,4550.93017578125,4505.75,4550.93017578125,4270710000
4501.89013671875,4519.490234375,4485.5400390625,4494.27001953125,4149120000
4478.02978515625,4540.33984375,4474.5498046875,4513.9599609375,4143310000
4518.43994140625,4519.83984375,4491.14990234375,4491.580078125,3493920000
4499.3798828125,4503.31005859375,4464.39013671875,4498.02978515625,3884910000
4467.7099609375,4502.43994140625,4461.330078125,4501.56982421875,3803100000
4468.830078125,4527.3701171875,4457.919921875,4487.16015625,4504370000
4464.0498046875,4476.22998046875,4443.97998046875,4450.68994140625,3753290000
4489.72021484375,4490.330078125,4453.43994140625,4458.1298828125,3896410000
4437.85986328125,4478.8701171875,4432.18994140625,4478.8701171875,3832250000
4404.330078125,4449.9501953125,4403.5498046875,4433.7900390625,3753910000
4370.35986328125,4421.169921875,4364.830078125,4416.31982421875,3943700000
4369.7099609375,4381.81982421875,4335.31005859375,4344.8798828125,3940400000
4399.77001953125,4407.5498046875,4360.2998046875,4380.27978515625,3726850000
4387.5498046875,4418.58984375,4382.77001953125,4415.330078125,3522760000
4436.009765625,4443.18017578125,4396.43994140625,4396.43994140625,3837270000
4376.31005859375,4458.2998046875,4375.5498046875,4455.16015625,3723470000
4405.7099609375,4418.4599609375,4356.2900390625,4389.3798828125,3296180000
4433.31005859375,4439.56005859375,4414.97998046875,4426.02978515625,2957230000
4497.6298828125,4500.14013671875,4431.68017578125,4432.75,3354820000
4514.8701171875,4521.64990234375,4493.58984375,4500.33984375,3064110000
4507.66015625,4532.259765625,4507.39013671875,4517.009765625,3946360000
4515.77001953125,4541.25,4501.35009765625,4530.60009765625,3246260000
4496.830078125,4514.2900390625,4496.009765625,4510.06005859375,3526250000
4465.47998046875,4490.35009765625,4442.3798828125,4490.35009765625,3418850000
4451.14013671875,4457.81005859375,4430.4599609375,4434.5498046875,3763760000
4457.490234375,4473.52978515625,4448.3798828125,4451.2998046875,3259290000
4487.4599609375,4490.77001953125,4467.89013671875,4480.97998046875,3369920000
4461.89990234375,4487.10986328125,4456.830078125,4473.27001953125,3435740000
4467.43994140625,4479.39013671875,4453.52001953125,4462.64990234375,3529430000
4505.10009765625,4511.990234375,4478.68994140625,4487.77978515625,3648720000
4450.31982421875,4497.97998046875,4447.2099609375,4497.97998046875,6932230000
4453.52978515625,4466.35986328125,4442.10986328125,4445.1298828125,3161230000
4443.9501953125,4449.85009765625,4416.60986328125,4445.41015625,3614880000
4402.2001953125,4461.02978515625,4401.3798828125,4452.81005859375,3308450000
4330.0,4375.7001953125,4329.169921875,4374.35986328125,3662340000
4320.06005859375,4357.39990234375,4316.490234375,4341.740234375,3349570000
4337.43994140625,4338.509765625,4302.7001953125,4310.6201171875,3195650000
4273.52978515625,4313.009765625,4265.97998046875,4312.8798828125,3472340000
4274.509765625,4292.06982421875,4238.6298828125,4282.6298828125,3875880000
4299.7001953125,4317.27001953125,4264.3798828125,4269.64990234375,3846230000
4288.0498046875,4333.14990234375,4274.85986328125,4328.18017578125,3865960000
4288.39013671875,4300.580078125,4260.2099609375,4284.52001953125,3938660000
4229.4501953125,4281.14990234375,4216.4501953125,4269.75,3953830000
4263.75,4268.5,4220.47998046875,4233.830078125,3777600000
4258.18994140625,4267.1298828125,4225.91015625,4259.31005859375,3581470000
4308.5,4324.10009765625,4219.5498046875,4234.7900390625,3902030000
4335.66015625,4341.72998046875,4283.7900390625,4289.02001953125,3174630000
4358.240234375,4385.4599609375,4339.64013671875,4339.75,3520240000
4376.9501953125,4378.64013671875,4345.33984375,4366.58984375,3601660000
4349.60986328125,4385.85009765625,4325.43017578125,4380.93994140625,3713140000
4327.77978515625,4377.10009765625,4311.97021484375,4360.490234375,3566560000
4373.6298828125,4383.330078125,4342.3701171875,4342.3701171875,3409960000
4373.2001953125,4393.56982421875,4337.5400390625,4345.22998046875,3794850000
4314.60009765625,4364.2001953125,4303.83984375,4357.35009765625,3686030000
4278.0,4339.5400390625,4269.68994140625,4321.35986328125,3969730000
4224.16015625,4276.56005859375,4223.02978515625,4273.85009765625,4004030000
4217.0400390625,4255.83984375,4189.22021484375,4210.39990234375,3776100000
4247.68017578125,4259.3798828125,4219.43017578125,4235.7900390625,3821820000
4186.77001953125,4232.419921875,4181.419921875,4232.419921875,3869370000
4137.22998046875,4183.60009765625,4127.89990234375,4175.990234375,4277640000
4117.3701171875,4156.7001953125,4103.77978515625,4152.93017578125,4019500000
4166.81982421875,4177.47021484375,4132.93994140625,4139.39013671875,3911140000
4193.7998046875,4195.5498046875,4153.1201171875,4171.330078125,4249470000
4237.85986328125,4245.64013671875,4197.740234375,4201.27001953125,4224900000
4317.77978515625,4319.72021484375,4268.259765625,4268.259765625,4669780000
4358.33984375,4373.6201171875,4334.22998046875,4334.22998046875,4570960000
4365.97998046875,4372.2099609375,4347.52978515625,4364.27001953125,3656340000
4378.3798828125,4386.259765625,4355.41015625,4366.2099609375,3791230000
4382.77978515625,4391.2001953125,4359.759765625,4384.3701171875,3729510000
4347.35009765625,4393.39990234375,4343.93994140625,4391.41015625,3900780000
4415.240234375,4418.02978515625,4353.33984375,4364.14990234375,3665080000
4411.5498046875,4421.759765625,4393.81982421875,4406.66015625,3326240000
4495.7001953125,4508.669921875,4458.97021484375,4458.97021484375,4700350000
4502.8798828125,4521.169921875,4495.31005859375,4505.2998046875,4347170000
4508.240234375,4511.990234375,4487.830078125,4497.080078125,3964520000
4514.02001953125,4520.1201171875,4499.66015625,4509.5498046875,3777240000
4547.3798828125,4557.10986328125,4510.35986328125,4511.7001953125,3644790000
4538.18994140625,4542.14013671875,4525.509765625,4538.77001953125,3511080000
4556.6201171875,4568.43017578125,4545.0498046875,4553.0400390625,3042810000
4559.33984375,4560.31005859375,4552.7998046875,4555.83984375,1639500000
4550.43017578125,4560.52001953125,4546.31982421875,4554.85986328125,3403990000
4554.89013671875,4568.14013671875,4540.509765625,4545.5498046875,3586240000
4550.580078125,4587.64013671875,4547.14990234375,4571.83984375,4418760000
4567.7998046875,4569.89013671875,4537.240234375,4554.8701171875,5399300000
4594.6298828125,4599.39013671875,4554.7099609375,4559.43017578125,4397120000
4569.77978515625,4572.3701171875,4546.72021484375,4564.3701171875,4369910000
4567.18017578125,4578.56005859375,4551.68017578125,4557.25,3909950000
4549.33984375,4590.740234375,4546.5,4586.22998046875,4245680000
4585.58984375,4590.919921875,4565.22021484375,4568.83984375,3818880000
4604.3701171875,4609.22998046875,4574.06005859375,4576.2001953125,3707010000
4622.43994140625,4623.7099609375,4593.39013671875,4593.39013671875,3823210000
4643.7001953125,4643.93017578125,4608.08984375,4618.2998046875,3808380000
4707.08984375,4709.68994140625,4643.22998046875,4646.2001953125,5063650000
4719.5498046875,4738.56982421875,4694.33984375,4721.0400390625,6314040000
4719.18994140625,4725.52978515625,4704.68994140625,4714.22998046875,8218980000
4740.56005859375,4749.52001953125,4725.580078125,4725.580078125,4060340000
4768.3701171875,4768.68994140625,4743.72021484375,4743.72021484375,4026970000
4698.35009765625,4778.009765625,4697.81982421875,4764.72998046875,4201320000
4746.75,4748.7099609375,4708.35009765625,4724.2900390625,3431180000
4754.6298828125,4772.93994140625,4736.77001953125,4753.919921875,3046770000
4774.75,4784.72021484375,4758.4501953125,4758.85986328125,2513910000
4781.580078125,4785.39013671875,4768.89990234375,4773.4501953125,2748450000
4783.35009765625,4793.2998046875,4780.97998046875,4786.43994140625,2698860000
4769.830078125,4788.43017578125,4751.990234375,4782.8798828125,3126060000
4742.830078125,4754.330078125,4722.669921875,4745.2001953125,3743050000
4704.81005859375,4729.2900390625,4699.7099609375,4725.06982421875,3950760000
4688.68017578125,4726.77978515625,4687.52978515625,4697.419921875,3715480000
4697.240234375,4721.490234375,4682.10986328125,4690.56982421875,3844370000
4763.5400390625,4764.5400390625,4699.81982421875,4703.7001953125,3742320000
4756.5,4765.47021484375,4730.35009765625,4741.93017578125,3529960000
4783.4501953125,4790.7998046875,4756.2001953125,4759.93994140625,3498680000
4780.240234375,4798.5,4739.580078125,4792.1298828125,3759890000
4783.830078125,4802.39990234375,4768.97998046875,4791.18017578125,3486340000
4765.97998046875,4782.33984375,4747.1201171875,4772.35009765625,4260550000
4739.2099609375,4744.22998046875,4714.81982421875,4739.1298828125,3928600000
4780.93994140625,4785.7900390625,4740.56982421875,4760.10009765625,4019000000
4839.81005859375,4842.06982421875,4785.8701171875,4796.27978515625,4287200000
4850.43017578125,4868.41015625,4844.0498046875,4853.419921875,4297610000
4864.60009765625,4866.47998046875,4844.3701171875,4856.7998046875,3912800000
4868.5498046875,4903.68017578125,4865.93994140625,4888.56005859375,4330030000
4894.16015625,4898.14990234375,4869.33984375,4886.66015625,4020430000
4890.97021484375,4906.68994140625,4881.47021484375,4888.91015625,3353400000
4927.93017578125,4929.31005859375,4887.39990234375,4892.9501953125,3525160000
4924.97021484375,4931.08984375,4916.27001953125,4925.89013671875,3836130000
4845.64990234375,4906.75,4845.14990234375,4899.18994140625,4696120000
4906.18994140625,4906.97021484375,4853.52001953125,4861.10986328125,4386090000
4958.60986328125,4975.2900390625,4907.990234375,4916.06005859375,3974350000
4942.81005859375,4957.18994140625,4918.08984375,4957.18994140625,4023640000
4954.22998046875,4957.77001953125,4934.8798828125,4950.16015625,4440880000
4995.06005859375,4999.89013671875,4969.0498046875,4973.0498046875,4895590000
4997.91015625,5000.39990234375,4987.08984375,4995.16015625,4341860000
5026.60986328125,5030.06005859375,5000.33984375,5004.169921875,3912990000
5021.83984375,5048.39013671875,5016.830078125,5026.830078125,3805740000
4953.169921875,4971.2998046875,4920.31005859375,4967.93994140625,4302190000
5000.6201171875,5002.52001953125,4956.4501953125,4976.43994140625,3845600000
5029.72998046875,5032.72021484375,4999.43994140625,5003.14013671875,4137970000
5005.56982421875,5038.7001953125,4999.52001953125,5031.1298828125,3833270000
4975.509765625,4993.7099609375,4955.02001953125,4989.31982421875,4034880000
4981.7998046875,4983.2099609375,4946.0,4963.02978515625,3788390000
5087.02978515625,5094.39013671875,5038.830078125,5038.830078125,4051710000
5088.7998046875,5111.06005859375,5081.4599609375,5100.919921875,3672790000
5069.52978515625,5097.66015625,5068.91015625,5093.0,3683930000
5078.18017578125,5080.68994140625,5057.2900390625,5074.60009765625,3925950000
5069.759765625,5077.3701171875,5058.35009765625,5067.2001953125,3789370000
5096.27001953125,5104.990234375,5061.89013671875,5085.35986328125,5219740000
5137.080078125,5140.330078125,5094.16015625,5098.509765625,4748110000
5130.9501953125,5149.669921875,5127.18017578125,5130.990234375,4758440000
5078.64990234375,5114.5400390625,5056.81982421875,5110.52001953125,4418410000
5104.759765625,5127.97021484375,5092.22021484375,5108.02978515625,4559050000
5157.35986328125,5165.6201171875,5128.2099609375,5132.3798828125,4137980000
5123.68994140625,5189.259765625,5117.5,5164.4599609375,4208870000
5117.93994140625,5124.66015625,5091.14013671875,5111.9599609375,3896430000
5175.27001953125,5179.8701171875,5114.47998046875,5134.2998046875,4080510000
5165.31005859375,5179.14013671875,5151.8798828125,5173.490234375,4282890000
5150.47998046875,5176.85009765625,5123.2998046875,5175.14013671875,4687970000
5117.08984375,5136.85986328125,5104.35009765625,5123.31005859375,7753670000
5149.419921875,5175.60009765625,5145.47021484375,5154.77001953125,4036220000
5178.509765625,5180.31005859375,5131.58984375,5139.08984375,4031760000
5224.6201171875,5226.18994140625,5171.5498046875,5181.68994140625,4064850000
5241.52978515625,5261.10009765625,5240.66015625,5253.43017578125,4207730000
5234.18017578125,5246.08984375,5229.8701171875,5242.47998046875,3374700000
5218.18994140625,5229.08984375,5216.08984375,5219.52001953125,3331360000
5203.580078125,5235.16015625,5203.419921875,5228.85009765625,3871790000
5248.490234375,5249.259765625,5213.919921875,5226.31005859375,3850500000
5254.35009765625,5264.85009765625,5245.81982421875,5248.02978515625,3998270000
5243.77001953125,5263.9501953125,5229.2001953125,5257.97021484375,3325930000
5205.81005859375,5208.33984375,5184.0498046875,5204.2900390625,3886590000
5211.490234375,5228.75,5194.3701171875,5194.3701171875,3703250000
5147.2099609375,5256.58984375,5146.06005859375,5244.0498046875,4075680000
5204.33984375,5222.18017578125,5157.2099609375,5158.9501953125,3386780000
5202.39013671875,5219.56982421875,5197.35009765625,5211.3701171875,3278180000
5209.91015625,5224.81005859375,5160.77978515625,5217.02978515625,3400680000
5160.64013671875,5178.43017578125,5138.7001953125,5167.8798828125,3845930000
5199.06005859375,5211.77978515625,5138.77001953125,5172.9501953125,3509380000
5123.41015625,5175.02978515625,5107.93994140625,5171.509765625,3963220000
5061.81982421875,5168.43017578125,5052.47021484375,5149.669921875,3950210000
5051.41015625,5079.83984375,5039.830078125,5064.58984375,4006200000
5022.2099609375,5077.9599609375,5007.25,5068.97021484375,3596130000
5011.1201171875,5056.66015625,5001.89013671875,5031.52001953125,3619760000
4967.22998046875,5019.02001953125,4953.56005859375,5005.43994140625,3878750000
5010.60009765625,5038.83984375,4969.39990234375,4987.330078125,3820250000
5070.5498046875,5076.1201171875,5027.9599609375,5028.85009765625,3751400000
5071.6298828125,5089.47998046875,5047.02001953125,5084.85986328125,3656740000
5048.419921875,5057.75,4990.580078125,5019.8798828125,3958050000
5099.9599609375,5114.6201171875,5073.14013671875,5084.64990234375,3604140000
5116.169921875,5123.490234375,5088.64990234375,5114.1298828125,3447450000
5035.68994140625,5110.830078125,5035.31005859375,5103.77978515625,4082470000
5018.39013671875,5096.1201171875,5013.4501953125,5029.02978515625,4544170000
5064.2001953125,5073.2099609375,5011.0498046875,5049.31982421875,4381660000
5127.7900390625,5139.1201171875,5101.22021484375,5122.77978515625,3924990000
5180.740234375,5181.0,5142.419921875,5142.419921875,3683250000
5187.7001953125,5200.22998046875,5178.9599609375,5187.2001953125,3987890000
5187.669921875,5191.9501953125,5165.85986328125,5168.97998046875,3842100000
5214.080078125,5215.2998046875,5180.41015625,5189.02978515625,3727370000
5222.68017578125,5239.66015625,5209.68017578125,5225.490234375,3617900000
5221.419921875,5237.259765625,5211.16015625,5233.080078125,4255710000
5246.68017578125,5250.3701171875,5217.97998046875,5221.10009765625,4763580000
5308.14990234375,5311.759765625,5263.259765625,5263.259765625,4360810000
5297.10009765625,5325.490234375,5296.18994140625,5310.06982421875,3817470000
5303.27001953125,5305.4501953125,5283.58984375,5303.10009765625,3578120000
5308.1298828125,5325.31982421875,5302.39990234375,5305.35009765625,3420100000
5321.41015625,5324.31982421875,5297.8701171875,5298.68994140625,3662240000
5307.009765625,5323.18017578125,5286.009765625,5319.27978515625,3847130000
5267.83984375,5341.8798828125,5256.93017578125,5340.259765625,3869520000
5304.72021484375,5311.64990234375,5278.39013671875,5281.4501953125,3005510000
5306.0400390625,5315.91015625,5280.89013671875,5315.91015625,3751540000
5266.9501953125,5282.27001953125,5262.7001953125,5278.72998046875,3552750000
5235.47998046875,5260.2099609375,5222.10009765625,5259.77001953125,3818750000
5277.509765625,5280.330078125,5191.68017578125,5243.2099609375,5437160000
5283.39990234375,5302.10986328125,5234.31982421875,5297.14990234375,4046920000
5291.33984375,5298.7998046875,5257.6298828125,5278.240234375,3707900000
5354.02978515625,5354.16015625,5297.64013671875,5314.47998046875,3591460000
5352.9599609375,5362.35009765625,5335.35986328125,5357.7998046875,3609990000
5346.990234375,5375.080078125,5331.330078125,5343.81005859375,3692760000
5360.7900390625,5365.7900390625,5331.52001953125,5341.22021484375,3622280000
5375.31982421875,5375.9501953125,5327.25,5353.0,3568030000
5421.02978515625,5447.25,5409.1298828125,5409.1298828125,3962840000
5433.740234375,5441.93017578125,5402.509765625,5441.93017578125,3530380000
5431.60009765625,5432.39013671875,5403.75,5424.080078125,3438650000
5473.22998046875,5488.5,5420.39990234375,5431.10986328125,3447840000
5487.02978515625,5490.3798828125,5471.31982421875,5476.14990234375,3544330000
5473.169921875,5505.52978515625,5455.56005859375,5499.990234375,3847060000
5464.6201171875,5478.31005859375,5452.02978515625,5466.77001953125,6773800000
5447.8701171875,5490.66015625,5447.58984375,5459.580078125,3696750000
5469.2998046875,5472.8798828125,5446.56005859375,5460.72998046875,3591960000
5477.89990234375,5483.14013671875,5451.8701171875,5460.7099609375,3563920000
5482.8701171875,5490.81005859375,5467.5400390625,5473.58984375,3589530000
5460.47998046875,5523.64013671875,5451.1201171875,5488.47998046875,7199220000
5475.08984375,5479.5498046875,5446.52978515625,5471.080078125,3488760000
5509.009765625,5509.68994140625,5458.43017578125,5461.83984375,3329950000
5537.02001953125,5539.27001953125,5507.419921875,5507.43994140625,2179470000
5567.18994140625,5570.330078125,5531.6298828125,5537.91015625,3253080000
5572.85009765625,5583.10986328125,5562.509765625,5572.75,3185670000
5576.97998046875,5590.75,5574.56982421875,5584.240234375,3232920000
5633.91015625,5635.39013671875,5586.43994140625,5591.259765625,3336100000
5584.5400390625,5642.4501953125,5576.52978515625,5635.2099609375,4020950000
5615.35009765625,5655.56005859375,5590.43994140625,5590.759765625,3700280000
5631.22021484375,5666.93994140625,5614.75,5638.16015625,3620470000
5667.2001953125,5669.669921875,5639.02001953125,5644.08984375,4041760000
5588.27001953125,5622.490234375,5584.81005859375,5610.06982421875,4246450000
5544.58984375,5614.0498046875,5522.81005859375,5608.56005859375,4007510000
5505.0,5557.5,5497.0400390625,5543.3701171875,3760570000
5564.41015625,5570.35986328125,5529.0400390625,5544.5400390625,3375180000
5555.740234375,5585.33984375,5550.89990234375,5565.2998046875,3500210000
5427.1298828125,5508.0400390625,5419.97998046875,5505.83984375,3945550000
5399.22021484375,5491.58984375,5390.9501953125,5428.7001953125,4592120000
5459.10009765625,5488.31982421875,5430.7001953125,5433.669921875,3638770000
5463.5400390625,5487.740234375,5444.43994140625,5476.5498046875,3379970000
5436.43994140625,5489.4599609375,5401.7001953125,5478.72998046875,3777740000
5522.2998046875,5551.509765625,5493.75,5505.58984375,4546910000
5446.68017578125,5566.16015625,5410.419921875,5537.83984375,4703620000
5346.56005859375,5383.89013671875,5302.02978515625,5376.6298828125,5156450000
5186.330078125,5250.89013671875,5119.259765625,5151.14013671875,5333250000
5240.02978515625,5312.33984375,5193.56005859375,5206.419921875,4690190000
5199.5,5330.64013671875,5195.5400390625,5293.1298828125,4558260000
5319.31005859375,5328.02978515625,5233.85009765625,5252.56982421875,4016830000
5344.16015625,5358.669921875,5300.83984375,5314.66015625,3516400000
5344.39013671875,5371.2001953125,5324.3701171875,5351.8798828125,3360160000
5434.43017578125,5436.5,5376.97998046875,5376.97998046875,3648980000
5455.2099609375,5463.22021484375,5415.91015625,5442.35986328125,3380050000
5543.22021484375,5546.22998046875,5501.1298828125,5501.1298828125,3723310000
5554.25,5561.97998046875,5525.169921875,5530.5,3357690000
5608.25,5608.2998046875,5550.740234375,5557.22998046875,3222050000
5597.1201171875,5620.509765625,5585.5,5602.8798828125,2994420000
5620.85009765625,5632.68017578125,5591.56982421875,5603.08984375,3119670000
5570.64013671875,5643.22021484375,5560.9501953125,5637.77001953125,2981530000
5634.60986328125,5641.81982421875,5585.16015625,5602.490234375,3291940000
5616.83984375,5651.6201171875,5602.33984375,5639.66015625,2938570000
5625.7998046875,5631.18017578125,5593.47998046875,5602.89013671875,2798990000
5592.18017578125,5627.02978515625,5560.9501953125,5624.509765625,3053450000
5591.9599609375,5646.9501953125,5583.7099609375,5607.2998046875,3065640000
5648.39990234375,5651.3701171875,5581.7900390625,5612.740234375,4185850000
5528.93017578125,5623.89013671875,5504.330078125,5623.89013671875,3866350000
5520.06982421875,5552.990234375,5503.66015625,5506.68017578125,3478140000
5503.41015625,5546.2998046875,5480.5400390625,5520.080078125,3521650000
5408.419921875,5522.47021484375,5402.6201171875,5507.330078125,3822800000
5471.0498046875,5484.2001953125,5434.490234375,5442.06982421875,3825940000
5495.52001953125,5497.91015625,5441.72021484375,5490.509765625,3848180000
5554.1298828125,5560.41015625,5406.9599609375,5496.419921875,3839450000
5595.759765625,5600.7099609375,5535.5,5557.47998046875,3655070000
5626.02001953125,5636.27001953125,5601.64990234375,5603.33984375,3500790000
5633.08984375,5636.0498046875,5604.52978515625,5615.2099609375,3437070000
5634.580078125,5670.81005859375,5614.0498046875,5655.509765625,3443600000
5618.259765625,5689.75,5615.080078125,5641.68017578125,3691390000
5713.64013671875,5733.56982421875,5686.419921875,5702.6298828125,4024530000
5702.5498046875,5715.14013671875,5674.490234375,5709.64013671875,7867260000
5718.56982421875,5725.35986328125,5704.22021484375,5711.89990234375,3529550000
5732.93017578125,5735.31982421875,5698.990234375,5727.66015625,3872710000
5722.259765625,5741.02978515625,5712.06005859375,5733.64990234375,3624910000
5745.3701171875,5767.3701171875,5721.009765625,5762.22021484375,4391180000
5738.169921875,5763.77978515625,5727.33984375,5755.35986328125,3898530000
5762.47998046875,5765.14013671875,5703.52978515625,5726.52001953125,4425730000
5708.75,5757.72998046875,5681.27978515625,5757.72998046875,4025180000
5709.5400390625,5719.6298828125,5674.0,5698.14013671875,3829050000
5699.93994140625,5718.77978515625,5677.3701171875,5698.18994140625,3597450000
5751.06982421875,5753.2099609375,5702.830078125,5737.47998046875,3479400000
5695.93994140625,5739.33984375,5686.85009765625,5737.7998046875,3637790000
5751.1298828125,5757.60009765625,5714.56005859375,5719.14013671875,3393400000
5792.0400390625,5796.7998046875,5745.02001953125,5751.7998046875,3650340000
5780.0498046875,5795.02978515625,5764.759765625,5778.35986328125,3208790000
5815.02978515625,5822.1298828125,5775.08984375,5775.08984375,3208720000
5859.85009765625,5871.41015625,5829.56982421875,5829.81005859375,3005250000
5815.259765625,5870.35986328125,5804.47998046875,5866.740234375,3882120000
5842.47021484375,5846.52001953125,5808.33984375,5816.580078125,3467230000
5841.47021484375,5878.4599609375,5840.25,5875.6201171875,3480010000
5864.669921875,5872.169921875,5846.10986328125,5859.43017578125,3374490000
5853.97998046875,5866.919921875,5824.7900390625,5857.81982421875,3407010000
5851.2001953125,5863.0400390625,5821.169921875,5832.7001953125,3342080000
5797.419921875,5834.85009765625,5762.41015625,5834.5,3532650000
5809.85986328125,5817.7998046875,5784.919921875,5817.7998046875,3543030000
5808.1201171875,5862.81982421875,5799.97998046875,5826.75,3501280000
5823.52001953125,5842.919921875,5823.080078125,5833.93017578125,3691280000
5832.919921875,5847.18994140625,5802.169921875,5819.68017578125,3879100000
5813.669921875,5850.93994140625,5811.27978515625,5832.64990234375,3851120000
5705.4501953125,5775.33984375,5702.85986328125,5775.33984375,4425660000
5728.7998046875,5772.52001953125,5723.22021484375,5723.22021484375,3796450000
5712.68994140625,5741.43017578125,5696.509765625,5725.14990234375,3602060000
5782.759765625,5783.43994140625,5722.10009765625,5722.43017578125,3768310000
5929.0400390625,5936.14013671875,5864.89013671875,5864.89013671875,6329530000
5973.10009765625,5983.83984375,5947.2099609375,5947.2099609375,4925740000
5995.5400390625,6012.4501953125,5976.759765625,5976.759765625,4666740000
6001.35009765625,6017.31005859375,5986.68994140625,6008.85986328125,4333000000
5983.990234375,6009.919921875,5960.080078125,6003.60009765625,4243400000
5985.3798828125,6008.18994140625,5965.91015625,5985.75,4220180000
5949.169921875,5993.8798828125,5942.27978515625,5989.68017578125,4184570000
5870.6201171875,5915.31982421875,5853.009765625,5912.7900390625,4590960000
5893.6201171875,5908.1201171875,5865.9501953125,5874.169921875,3983860000
5916.97998046875,5923.509765625,5855.2900390625,5870.0498046875,4036940000
5917.10986328125,5920.669921875,5860.56005859375,5914.33984375,3772620000
5948.7099609375,5963.31982421875,5887.259765625,5940.580078125,4230120000
5969.33984375,5972.89990234375,5944.35986328125,5944.35986328125,4141420000
5987.3701171875,6020.75,5963.91015625,5992.27978515625,5633150000
6021.6298828125,6025.419921875,5992.27001953125,6000.02978515625,3835170000
5998.740234375,6020.16015625,5984.8701171875,6014.10986328125,3363340000
6032.3798828125,6044.169921875,6003.97998046875,6003.97998046875,2444420000
6047.14990234375,6053.580078125,6035.330078125,6040.10986328125,4412470000
6049.8798828125,6052.06982421875,6033.39013671875,6042.97021484375,4095000000
6086.490234375,6089.83984375,6061.06005859375,6069.39013671875,4003390000
6075.10986328125,6094.5498046875,6072.89990234375,6089.02978515625,4212020000
6090.27001953125,6099.97021484375,6079.97998046875,6081.3798828125,3924830000
6052.85009765625,6088.509765625,6048.6298828125,6083.009765625,4556460000
6034.91015625,6065.39990234375,6029.89013671875,6057.58984375,4048410000
6084.18994140625,6092.58984375,6060.14990234375,6060.14990234375,4269950000
6051.25,6079.68017578125,6051.25,6074.2900390625,3678010000
6051.08984375,6078.580078125,6035.77001953125,6068.169921875,3584960000
6074.080078125,6085.18994140625,6059.14013671875,6063.7900390625,4391100000
6050.60986328125,6057.68017578125,6035.18994140625,6052.5498046875,4544500000
5872.16015625,6070.669921875,5867.7900390625,6047.64990234375,5246960000
5867.080078125,5935.52001953125,5866.06982421875,5912.7099609375,4896880000
5930.85009765625,5982.06005859375,5832.2998046875,5842.0,8223220000
5974.06982421875,5978.25,5902.56982421875,5940.25,3593280000
6040.0400390625,6040.10009765625,5981.43994140625,5984.6298828125,1757720000
6037.58984375,6049.75,6007.3701171875,6024.97021484375,2904530000
5970.83984375,6006.169921875,5932.9501953125,6006.169921875,3159610000
5906.93994140625,5940.7900390625,5869.16015625,5920.669921875,3433250000
5881.6298828125,5929.740234375,5868.85986328125,5919.740234375,3128350000
5868.5498046875,5935.08984375,5829.52978515625,5903.259765625,3621680000
5942.47021484375,5949.33984375,5888.66015625,5891.06982421875,3667340000
5975.3798828125,6021.0400390625,5960.009765625,5982.81005859375,4940120000
5909.02978515625,6000.68017578125,5890.68017578125,5993.259765625,4517330000
5918.25,5927.89013671875,5874.77978515625,5910.66015625,4441740000
5827.0400390625,5890.35009765625,5807.77978515625,5890.35009765625,4751930000
5836.22021484375,5838.60986328125,5773.31005859375,5782.02001953125,4421200000
5842.91015625,5871.919921875,5805.419921875,5859.27001953125,4142280000
5949.91015625,5960.60986328125,5905.2099609375,5905.2099609375,4544570000
5937.33984375,5964.68994140625,5930.72021484375,5963.60986328125,4285810000
5996.66015625,6014.9599609375,5978.43994140625,5995.39990234375,4366830000
6049.240234375,6051.509765625,6006.8798828125,6014.1201171875,4702920000
6086.3701171875,6100.81005859375,6076.1298828125,6081.39013671875,4323040000
6118.7099609375,6118.72998046875,6074.669921875,6076.31982421875,4432250000
6101.240234375,6128.18017578125,6088.740234375,6121.43017578125,4214250000
6012.27978515625,6017.169921875,5962.919921875,5969.0400390625,5198750000
6067.7001953125,6074.5400390625,5994.6298828125,6026.97021484375,4473640000
6039.31005859375,6062.830078125,6012.9599609375,6057.7001953125,4115310000
6071.169921875,6086.64013671875,6027.4599609375,6050.75,4634620000
6040.52978515625,6120.91015625,6030.93017578125,6096.7900390625,4843770000
5994.56982421875,6022.1298828125,5923.93017578125,5969.64990234375,4797210000
6037.8798828125,6042.47998046875,5990.8701171875,5998.14013671875,4410160000
6061.47998046875,6062.85986328125,6007.06005859375,6020.4501953125,4756250000
6083.56982421875,6084.02978515625,6046.830078125,6072.22021484375,4847120000
6025.990234375,6101.27978515625,6019.9599609375,6083.1298828125,4766900000
6066.43994140625,6073.3798828125,6044.83984375,6046.39990234375,4458760000
6068.5,6076.27978515625,6042.33984375,6049.31982421875,4324880000
6051.97021484375,6063.0,6003.0,6025.080078125,4627960000
6115.06982421875,6116.91015625,6050.9501953125,6060.58984375,4763800000
6114.6298828125,6127.47021484375,6107.6201171875,6115.52001953125,4335190000
6129.580078125,6129.6298828125,6099.509765625,6121.60009765625,4684980000
6144.14990234375,6147.43017578125,6111.14990234375,6117.759765625,4562330000
6117.52001953125,6134.5,6084.58984375,6134.5,4813690000
6013.1298828125,6114.81982421875,6008.56005859375,6114.10009765625,5434560000
5983.25,6043.64990234375,5977.830078125,6026.68994140625,4990120000
5955.25,5992.64990234375,5908.490234375,5982.72998046875,5374690000
5956.06005859375,6009.81982421875,5932.68994140625,5970.8701171875,4869580000
5861.56982421875,5993.68994140625,5858.77978515625,5981.8798828125,5057680000
5954.5,5959.39990234375,5837.66015625,5856.740234375,6441140000
5849.72021484375,5986.08984375,5810.91015625,5968.330078125,5613850000
5778.14990234375,5865.080078125,5732.58984375,5811.97998046875,6138110000
5842.6298828125,5860.58984375,5742.35009765625,5781.35986328125,5285970000
5738.52001953125,5812.080078125,5711.64013671875,5785.8701171875,5165080000
5770.2001953125,5783.009765625,5666.2900390625,5726.009765625,5705140000
5614.56005859375,5705.3701171875,5564.02001953125,5705.3701171875,6409370000
5572.06982421875,5636.2998046875,5528.41015625,5603.64990234375,6221240000
5599.2998046875,5642.18994140625,5546.08984375,5624.83984375,5219830000
5521.52001953125,5597.77978515625,5504.64990234375,5594.4501953125,5018980000
5638.93994140625,5645.27001953125,5563.85009765625,5563.85009765625,4863180000
5675.1201171875,5703.52001953125,5631.1201171875,5635.60009765625,5031770000
5614.66015625,5654.52978515625,5597.759765625,5654.52978515625,4666270000
5675.2900390625,5715.330078125,5622.2001953125,5632.3701171875,4660090000
5662.89013671875,5711.14990234375,5632.330078125,5646.919921875,4678420000
5667.56005859375,5670.83984375,5603.10009765625,5630.72998046875,9367460000
5767.56982421875,5775.14013671875,5718.080078125,5718.080078125,4517990000
5776.64990234375,5786.9501953125,5760.419921875,5775.9599609375,4467340000
5712.2001953125,5783.6201171875,5694.41015625,5771.66015625,4183140000
5693.31005859375,5732.27978515625,5670.93994140625,5695.64013671875,4403460000
5580.93994140625,5685.89013671875,5572.419921875,5679.2001953125,4513330000
5611.85009765625,5627.56005859375,5488.72998046875,5527.91015625,5257250000
5633.06982421875,5650.56982421875,5558.52001953125,5597.52978515625,4434500000
5670.97021484375,5695.31005859375,5571.47998046875,5580.759765625,4243830000
5396.52001953125,5499.52978515625,5390.830078125,5492.740234375,7210470000
5074.080078125,5292.14013671875,5069.89990234375,5292.14013671875,8853500000
5062.25,5246.56982421875,4835.0400390625,4953.7900390625,8691980000
4982.77001953125,5267.47021484375,4910.419921875,5193.56982421875,7408140000
5456.89990234375,5481.33984375,4948.43017578125,4965.27978515625,9489600000
5268.0498046875,5353.14990234375,5115.27001953125,5353.14990234375,6677140000
5363.35986328125,5381.4599609375,5220.77001953125,5255.56005859375,5602550000
5405.97021484375,5459.4599609375,5358.02001953125,5441.9599609375,5031440000
5396.6298828125,5450.41015625,5386.43994140625,5411.990234375,4317110000
5275.7001953125,5367.240234375,5220.7900390625,5335.75,4607750000
5282.7001953125,5328.31005859375,5255.580078125,5305.4501953125,4714880000
5158.2001953125,5232.93994140625,5101.6298828125,5232.93994140625,4226340000
5287.759765625,5309.60986328125,5207.669921875,5207.669921875,4666950000
5375.85986328125,5469.68994140625,5356.169921875,5395.919921875,5371390000
5484.77001953125,5489.39990234375,5371.9599609375,5381.3798828125,4697710000
5525.2099609375,5528.10986328125,5455.85986328125,5489.72998046875,4236580000
5528.75,5553.66015625,5468.64013671875,5529.22021484375,4257880000
5560.830078125,5571.9501953125,5505.7001953125,5508.8701171875,4747150000
5569.06005859375,5581.83984375,5433.240234375,5499.43994140625,5449490000
5604.14013671875,5658.91015625,5597.35009765625,5625.14013671875,4935270000
5686.669921875,5700.7001953125,5642.27978515625,5645.8798828125,4854380000
5650.3798828125,5683.3798828125,5634.47998046875,5655.31982421875,4358260000
5606.91015625,5649.580078125,5586.0400390625,5605.8701171875,4717260000
5631.27978515625,5654.72998046875,5578.64013671875,5614.18017578125,4987440000
5663.93994140625,5720.10009765625,5635.3798828125,5663.60009765625,5627400000
5659.91015625,5691.68994140625,5644.14990234375,5679.64990234375,4645090000
5844.18994140625,5845.3701171875,5786.080078125,5807.2001953125,6014580000
5886.5498046875,5906.64013671875,5845.02001953125,5854.14990234375,5516290000
5892.580078125,5906.5498046875,5872.10986328125,5896.740234375,5233450000
5916.93017578125,5924.2099609375,5865.16015625,5869.81982421875,4991290000
5958.3798828125,5958.6201171875,5907.35986328125,5929.08984375,4850850000
5963.60009765625,5968.60986328125,5895.68994140625,5902.8798828125,4144010000
5940.4599609375,5953.06005859375,5909.259765625,5944.66015625,4416850000
5844.60986328125,5938.3701171875,5830.91015625,5910.18017578125,5254250000
5842.009765625,5878.080078125,5825.81982421875,5841.259765625,5157050000
5802.81982421875,5829.509765625,5767.41015625,5781.89013671875,4662820000
5921.5400390625,5924.330078125,5854.06982421875,5854.06982421875,5366380000
5888.5498046875,5939.919921875,5881.8798828125,5925.5400390625,4665050000
5912.169921875,5943.1298828125,5873.7998046875,5939.9599609375,4569750000
5911.68994140625,5922.14013671875,5843.66015625,5903.669921875,6378540000
5935.93994140625,5937.39990234375,5861.43017578125,5896.68017578125,4832240000
5970.3701171875,5981.35009765625,5929.0,5938.56005859375,5026680000
5970.81005859375,5990.47998046875,5966.10986328125,5978.93994140625,4767050000
5939.2998046875,5999.7001953125,5921.2001953125,5985.669921875,5091850000
6000.35986328125,6016.8701171875,5978.6298828125,5987.06005859375,4355710000
6005.8798828125,6021.31005859375,5994.18017578125,6004.6298828125,4642360000
6038.81005859375,6043.009765625,6000.27978515625,6009.91015625,4882880000
6022.240234375,6059.39990234375,6002.31982421875,6049.3798828125,5111550000
6045.259765625,6045.43017578125,6003.8798828125,6009.89990234375,4669500000
5976.97021484375,6026.16015625,5963.2099609375,6000.56005859375,5258910000
6033.10986328125,6050.830078125,6004.0,6004.0,5111710000
5982.72021484375,6023.25,5974.7998046875,6012.14990234375,4955700000
5980.8701171875,6018.25,5971.89013671875,5987.93017578125,5106470000
5967.83984375,6018.2001953125,5952.56005859375,5999.669921875,7451500000
6025.169921875,6028.77001953125,5943.22998046875,5969.669921875,5597000000
6092.18017578125,6101.759765625,6059.25,6061.2099609375,5443690000
6092.16015625,6108.509765625,6080.08984375,6104.22998046875,5171110000
6141.02001953125,6146.52001953125,6107.27001953125,6112.08984375,5308140000
6173.06982421875,6187.68017578125,6132.35009765625,6150.7001953125,7889350000
6204.9501953125,6215.080078125,6174.97021484375,6193.35986328125,5782900000
6198.009765625,6210.77978515625,6177.97021484375,6187.25,6275310000
6227.419921875,6227.60009765625,6188.2900390625,6193.8798828125,5645710000
6279.35009765625,6284.64990234375,6246.4599609375,6246.4599609375,3378110000
6229.97998046875,6262.06982421875,6201.0,6259.0400390625,5236740000
6225.52001953125,6242.7001953125,6217.75,6234.02978515625,5739030000
6263.259765625,6269.16015625,6231.43017578125,6243.330078125,4813340000
6280.4599609375,6290.22021484375,6251.43994140625,6266.7998046875,5367350000
6259.75,6269.43994140625,6237.60009765625,6255.68017578125,4656210000
6268.56005859375,6273.31005859375,6239.22021484375,6255.14990234375,4722250000
6243.759765625,6302.0400390625,6241.68017578125,6295.2900390625,5133670000
6263.7001953125,6268.1201171875,6201.58984375,6254.5,5177460000
6297.35986328125,6304.68994140625,6262.27001953125,6263.39990234375,5512290000
6296.7900390625,6315.60986328125,6285.27001953125,6312.9501953125,5184700000
6305.60009765625,6336.080078125,6303.7900390625,6304.740234375,5010840000
6309.6201171875,6316.1201171875,6281.7099609375,6306.60009765625,5662040000
6358.91015625,6360.64013671875,6317.490234375,6326.89990234375,5642510000
6363.35009765625,6381.31005859375,6360.56982421875,6368.60009765625,5282720000
6388.64013671875,6395.81982421875,6368.52978515625,6370.009765625,4470720000
6389.77001953125,6401.06982421875,6375.7900390625,6397.68994140625,4565620000
6370.85986328125,6409.259765625,6363.919921875,6405.6201171875,5076120000
6362.89990234375,6396.5400390625,6336.3798828125,6381.22998046875,5375070000
6339.39013671875,6427.02001953125,6327.64013671875,6427.02001953125,6077080000
6238.009765625,6287.27978515625,6212.68994140625,6287.27978515625,5827150000
6329.93994140625,6330.68994140625,6271.7099609375,6271.7099609375,4842580000
6299.18994140625,6346.0,6289.3701171875,6336.6298828125,5517410000
6345.06005859375,6352.830078125,6301.10986328125,6309.2998046875,5408560000
6340.0,6389.7099609375,6310.31982421875,6374.31982421875,5306090000
6389.4501953125,6395.16015625,6355.22021484375,6355.22021484375,4769910000
6373.4501953125,6407.25,6364.06005859375,6389.669921875,4652400000
6445.759765625,6446.5498046875,6385.759765625,6395.169921875,5135300000
6466.580078125,6480.27978515625,6445.02001953125,6462.669921875,5195950000
6468.5400390625,6473.919921875,6441.06982421875,6453.4599609375,4462050000
6449.7998046875,6481.33984375,6441.85009765625,6477.3798828125,4575060000
6449.14990234375,6455.35009765625,6437.7001953125,6445.02001953125,4162290000
6411.3701171875,6456.47998046875,6400.22021484375,6446.240234375,4377440000
6395.77978515625,6408.39990234375,6343.85986328125,6406.6201171875,4470390000
6370.169921875,6393.64990234375,6352.7099609375,6380.830078125,4013560000
6466.91015625,6478.89013671875,6384.58984375,6384.58984375,5046860000
6439.31982421875,6466.89013671875,6438.06005859375,6457.669921875,4059070000
6465.93994140625,6468.3701171875,6429.2099609375,6435.490234375,4867680000
6481.39990234375,6487.06005859375,6457.83984375,6462.259765625,4143680000
6501.85986328125,6508.22998046875,6466.9599609375,6483.83984375,4283760000
6460.259765625,6491.759765625,6444.56982421875,6489.27978515625,4234840000
6415.5400390625,6416.5400390625,6360.580078125,6401.509765625,4784000000
6448.259765625,6453.669921875,6416.169921875,6445.81982421875,4465360000
6502.080078125,6502.5400390625,6445.97998046875,6456.60009765625,4670770000
6481.5,6532.64990234375,6443.97998046875,6529.080078125,5066120000
6495.14990234375,6508.669921875,6483.2900390625,6498.08984375,5211500000
6512.60986328125,6518.22998046875,6483.080078125,6503.330078125,4798350000
6532.0400390625,6555.97021484375,6516.33984375,6550.2900390625,5253010000
6587.47021484375,6592.89013671875,6545.7998046875,6554.41015625,5426460000
6584.2900390625,6600.2099609375,6579.490234375,6590.66015625,4641640000
6615.27978515625,6619.6201171875,6602.06982421875,6603.490234375,5045020000
6606.759765625,6626.990234375,6600.10986328125,6624.1298828125,5359510000
6600.35009765625,6624.39013671875,6551.14990234375,6604.8701171875,5805340000
6631.9599609375,6656.7998046875,6611.89013671875,6626.85009765625,5292400000
6664.35986328125,6671.81982421875,6630.31005859375,6647.10986328125,9125960000
6693.75,6698.8798828125,6648.06982421875,6654.27978515625,5642620000
6656.919921875,6699.52001953125,6645.580078125,6692.43994140625,5633620000
6637.97021484375,6672.66015625,6621.759765625,6669.7900390625,5459180000
6604.72021484375,6619.0,6569.22021484375,6608.18994140625,5874670000
6643.7001953125,6648.97021484375,6604.43017578125,6615.3798828125,5103110000
6661.2099609375,6677.31005859375,6644.490234375,6661.580078125,5358760000
6688.4599609375,6691.25,6641.0,6656.18994140625,6057210000
6711.2001953125,6718.47998046875,6656.2001953125,6664.919921875,6037950000
6715.35009765625,6731.93994140625,6693.22998046875,6731.31005859375,5416130000
6715.7900390625,6750.8701171875,6705.669921875,6722.14013671875,5713110000
6740.27978515625,6749.52001953125,6717.77978515625,6733.85986328125,5604460000
6714.58984375,6754.490234375,6699.9599609375,6746.14013671875,5546150000
6753.72021484375,6755.64013671875,6718.08984375,6723.8701171875,5383130000
6735.10986328125,6764.580078125,6716.169921875,6760.5,5385020000
6552.509765625,6762.39990234375,6550.77978515625,6740.490234375,6596610000
6654.72021484375,6668.68017578125,6620.7099609375,6622.52978515625,5303960000
6644.31005859375,6680.7001953125,6555.06982421875,6602.490234375,5666920000
6671.06005859375,6724.1201171875,6612.10986328125,6688.27001953125,5633060000
6629.06982421875,6709.33984375,6593.990234375,6689.02001953125,6048180000
6664.009765625,6678.8798828125,6603.759765625,6613.27001953125,5358120000
6735.1298828125,6744.35009765625,6690.0498046875,6690.0498046875,4672170000
6735.35009765625,6752.16015625,6722.02978515625,6736.75,5245020000
6699.39990234375,6741.75,6655.68994140625,6741.33984375,5710010000
6738.43994140625,6749.52978515625,6700.14013671875,6703.64990234375,5565750000
6791.68994140625,6807.10986328125,6772.06982421875,6772.06982421875,5058220000
6875.16015625,6877.27978515625,6843.93994140625,6845.4599609375,5290650000
6890.89013671875,6911.2998046875,6870.72998046875,6897.740234375,5695930000
6890.58984375,6920.33984375,6851.91015625,6910.9501953125,6280130000
6822.33984375,6880.75,6820.68994140625,6860.5,6052700000
6840.2001953125,6879.169921875,6814.259765625,6879.169921875,6398280000
6851.97021484375,6882.31982421875,6820.6201171875,6882.31982421875,6065720000
6771.5498046875,6820.2099609375,6766.7099609375,6788.52001953125,5739510000
6796.2900390625,6829.77978515625,6763.10986328125,6769.77001953125,5939600000
6720.31982421875,6796.68017578125,6707.509765625,6787.58984375,6051900000
6728.7998046875,6730.10986328125,6631.43994140625,6696.18017578125,5926070000
6832.43017578125,6841.31982421875,6770.56005859375,6785.35986328125,5366050000
6846.60986328125,6855.1298828125,6806.8701171875,6815.64013671875,4983490000
6850.919921875,6869.91015625,6829.6201171875,6867.77001953125,5293610000
6737.490234375,6828.0498046875,6724.72021484375,6826.47021484375,5473720000
6734.10986328125,6774.31005859375,6646.8701171875,6672.14013671875,5042660000
6672.41015625,6754.5,6638.89990234375,6713.60986328125,5204220000
6617.31982421875,6666.6298828125,6574.31982421875,6641.18994140625,5159390000
6642.16015625,6689.75,6603.5,6625.83984375,5021610000
6538.759765625,6770.35009765625,6534.0498046875,6737.93017578125,5596080000
6602.990234375,6660.0498046875,6521.919921875,6555.77001953125,5929930000
6705.1201171875,6715.75,6630.7001953125,6636.5400390625,6039740000
6765.8798828125,6776.39990234375,6659.97998046875,6697.02978515625,5003330000
6812.60986328125,6831.43994140625,6783.8701171875,6793.5498046875,4485000000
6849.08984375,6850.85986328125,6819.75,6822.52001953125,2558540000
6812.6298828125,6843.64990234375,6799.93994140625,6812.2998046875,4549370000
6829.3701171875,6851.5498046875,6806.7099609375,6830.9599609375,4582290000
6849.72021484375,6862.419921875,6810.43017578125,6815.2900390625,4736780000
6857.1201171875,6866.47021484375,6827.1201171875,6866.47021484375,4872440000
6870.39990234375,6895.77978515625,6858.2900390625,6866.31982421875,4944560000
6846.509765625,6878.27001953125,6827.18994140625,6875.2001953125,4757130000
6840.509765625,6864.919921875,6837.43017578125,6840.60986328125,4508050000
6886.68017578125,6900.669921875,6824.68994140625,6833.490234375,5526570000
6901.0,6903.4599609375,6833.4501953125,6861.2998046875,5021060000
6827.41015625,6899.85009765625,6801.7900390625,6886.85009765625,4910160000
6816.509765625,6861.58984375,6801.490234375,6860.18994140625,4975600000
6800.259765625,6819.27001953125,6759.740234375,6800.1201171875,4983180000
6721.43017578125,6812.259765625,6720.43017578125,6802.8798828125,5122120000
6774.759765625,6816.1298828125,6758.5,6778.06005859375,5101190000
6834.5,6840.02001953125,6792.6201171875,6792.6201171875,8554470000
6878.490234375,6882.02978515625,6855.740234375,6865.2099609375,4465030000
6909.7900390625,6910.8798828125,6868.81005859375,6872.41015625,3820560000
6932.0498046875,6937.31982421875,6904.91015625,6904.91015625,1798270000
6929.93994140625,6945.77001953125,6921.60009765625,6936.02001953125,2586550000
6905.740234375,6920.2099609375,6888.759765625,6903.60009765625,3541750000
6896.240234375,6913.25,6893.47021484375,6900.43994140625,3309930000
6845.5,6901.419921875,6844.5498046875,6898.81982421875,3261830000
6858.47021484375,6894.8701171875,6824.31005859375,6878.10986328125,4184120000
6902.0498046875,6920.3798828125,6891.56005859375,6892.18994140625,5771930000
6944.81982421875,6948.68994140625,6904.02001953125,6908.02978515625,5509680000
6920.93017578125,6965.68994140625,6919.18994140625,6945.06982421875,5214480000
6921.4599609375,6931.27978515625,6899.330078125,6914.10986328125,5333200000
6966.27978515625,6978.35986328125,6917.64013671875,6927.830078125,5163900000
6977.27001953125,6986.330078125,6934.06982421875,6944.1201171875,5019040000
6963.740234375,6985.830078125,6938.77001953125,6977.41015625,5091730000
6926.60009765625,6941.2998046875,6885.740234375,6937.41015625,5530830000
6944.47021484375,6979.33984375,6937.93017578125,6969.4599609375,5114050000
6940.009765625,6967.2998046875,6925.08984375,6960.5400390625,5356550000
6796.85986328125,6871.169921875,6789.0498046875,6865.240234375,5769500000
6875.6201171875,6910.39013671875,6804.9599609375,6810.7099609375,5835520000
6913.35009765625,6934.75,6893.6201171875,6914.43994140625,5307580000
6915.60986328125,6932.9599609375,6895.5,6907.85009765625,4871930000
6950.22998046875,6964.66015625,6921.60009765625,6923.22998046875,4968050000
6978.60009765625,6988.81982421875,6958.830078125,6965.9599609375,5331720000
6978.02978515625,7002.27978515625,6963.4599609375,7002.0,5507670000
6969.009765625,6992.83984375,6870.7998046875,6977.740234375,6877780000
6939.02978515625,6964.08984375,6893.47998046875,6947.27001953125,6697340000
6976.43994140625,6991.919921875,6914.33984375,6916.64013671875,5772050000
6917.81005859375,6993.080078125,6862.0498046875,6985.4501953125,7017660000
6882.72021484375,6936.08984375,6838.7998046875,6924.5,7475750000
6798.39990234375,6857.85009765625,6780.1298828125,6837.39013671875,6989120000
6932.2998046875,6944.89013671875,6816.740234375,6816.740234375,6283680000
6964.81982421875,6980.10009765625,6905.8701171875,6917.259765625,5650260000
6941.81005859375,6986.830078125,6937.52978515625,6974.490234375,5595950000
6941.47021484375,6993.47998046875,6911.97021484375,6976.47998046875,6175510000
6832.759765625,6973.22021484375,6824.0400390625,6957.5400390625,7118700000
6836.169921875,6881.9599609375,6794.5498046875,6834.27001953125,5718360000
6843.22021484375,6866.990234375,6775.5,6819.85986328125,5418480000
6881.31005859375,6909.1201171875,6849.66015625,6855.47998046875,5098160000
6861.89013671875,6879.1201171875,6833.06005859375,6861.33984375,5151690000
6909.509765625,6915.85986328125,6836.330078125,6843.259765625,5432480000
6837.75,6916.9599609375,6819.81982421875,6901.25,5638350000
6890.06982421875,6899.169921875,6815.43017578125,6837.3701171875,5266090000
6946.1298828125,6952.509765625,6915.14990234375,6915.14990234375,5328060000
6908.85986328125,6947.25,6859.72998046875,6944.740234375,5889550000
6878.8798828125,6882.9599609375,6831.740234375,6856.5400390625,6665660000
6881.6201171875,6901.009765625,6796.85009765625,6824.35986328125,6079080000
6816.6298828125,6840.0498046875,6710.419921875,6800.259765625,6442080000
6869.5,6885.93994140625,6811.64013671875,6831.68994140625,5252170000
6830.7099609375,6870.43017578125,6770.77978515625,6851.080078125,5989300000
6740.02001953125,6773.419921875,6711.56005859375,6769.02978515625,5793120000
6795.990234375,6810.43994140625,6636.0400390625,6699.7998046875,6709410000
6781.47998046875,6845.080078125,6759.740234375,6796.56005859375,5944950000
6775.7998046875,6811.14990234375,6745.58984375,6790.08984375,5511090000
6672.6201171875,6740.8798828125,6670.39990234375,6740.8798828125,6292170000
6632.18994140625,6733.2998046875,6623.919921875,6673.490234375,5337120000
6699.3798828125,6729.7900390625,6674.3701171875,6674.3701171875,5176290000
6716.08984375,6754.2998046875,6710.7998046875,6722.35009765625,5063390000
6624.7001953125,6705.18017578125,6621.66015625,6697.16015625,5275480000
6606.490234375,6636.740234375,6557.81982421875,6583.1201171875,5973390000
6506.47998046875,6594.66015625,6473.52001953125,6594.66015625,10025820000
6581.0,6651.6201171875,6565.5498046875,6574.9599609375,6020650000
6556.3701171875,6595.75,6525.10986328125,6552.08984375,5278580000
6591.89990234375,6633.93994140625,6568.41015625,6598.35009765625,4936720000
6477.16015625,6573.22021484375,6473.7900390625,6555.85986328125,4845560000
6368.85009765625,6453.89013671875,6356.080078125,6453.89013671875,5303490000
6343.72021484375,6427.31005859375,6316.91015625,6403.3701171875,5458640000
6528.52001953125,6539.0498046875,6395.8798828125,6395.8798828125,6396100000
6575.31982421875,6609.669921875,6554.2900390625,6556.56005859375,5637260000
6582.68994140625,6601.91015625,6474.93994140625,6512.60986328125,4740740000
6611.830078125,6618.1298828125,6579.72021484375,6587.66015625,3906440000
6616.85009765625,6618.259765625,6534.5498046875,6601.93017578125,4555680000
6782.81005859375,6793.5,6740.27978515625,6754.35986328125,5904880000
6824.66015625,6835.31005859375,6761.5498046875,6783.68994140625,4912410000
6816.89013671875,6845.77001953125,6808.4599609375,6839.240234375,4393220000
6886.240234375,6887.0,6790.02001953125,6806.47021484375,4785840000
6967.3798828125,6969.419921875,6905.169921875,6910.2001953125,5032380000
7022.9501953125,7026.240234375,6967.1298828125,6978.169921875,5278610000
7041.27978515625,7051.22998046875,7008.52001953125,7037.77978515625,5173650000
7126.06005859375,7147.52001953125,7074.5498046875,7074.5498046875,6145300000
7109.14013671875,7122.64990234375,7084.41015625,7117.0498046875,4661130000
7064.009765625,7137.27001953125,7050.2001953125,7122.64013671875,5160270000
7137.89990234375,7138.64013671875,7102.91015625,7102.91015625,4919460000
7108.39990234375,7147.77978515625,7046.5498046875,7118.7998046875,5307260000
7165.080078125,7168.58984375,7112.81982421875,7136.47998046875,4608830000
7173.91015625,7178.740234375,7146.72021484375,7152.72021484375,4783750000
7138.7998046875,7152.52001953125,7115.169921875,7133.740234375,4900650000
7135.9501953125,7145.6298828125,7107.85986328125,7131.60986328125,5123100000
7209.009765625,7219.830078125,7126.14990234375,7161.75,5723790000
7230.1201171875,7272.52001953125,7229.31982421875,7234.5400390625,4847390000
7200.75,7244.5400390625,7174.1201171875,7228.3798828125,5215480000
7259.22021484375,7273.259765625,7233.6201171875,7233.6201171875,5279760000
7365.1201171875,7369.22021484375,7294.14013671875,7294.14013671875,6579640000
7337.10986328125,7385.02001953125,7321.25,7376.77978515625,6237040000
7398.93017578125,7401.5,7362.97021484375,7362.97021484375,5302740000
7412.83984375,7428.97021484375,7384.2001953125,7385.31005859375,5821910000
7400.9599609375,7409.56982421875,7338.5400390625,7390.6298828125,5624790000
7444.25,7460.0400390625,7375.1298828125,7409.1201171875,5716600000
7501.240234375,7517.1201171875,7454.39990234375,7454.39990234375,5267050000
7408.5,7454.85009765625,7397.5,7445.10986328125,5582070000
7403.0498046875,7434.06005859375,7353.169921875,7415.06982421875,5489500000
7353.60986328125,7395.31982421875,7333.68017578125,7375.75,5441140000
7432.97021484375,7435.68994140625,7357.4599609375,7369.18994140625,5384150000
7445.72021484375,7465.9599609375,7389.47998046875,7410.77978515625,5440620000
7473.47021484375,7506.31982421875,7463.2900390625,7468.81982421875,4952440000
7519.1201171875,7539.08984375,7501.10009765625,7511.7900390625,5496060000
7520.35986328125,7530.72021484375,7499.72021484375,7526.009765625,5524250000
7563.6298828125,7568.72021484375,7508.0400390625,7519.81982421875,5494860000
7580.06005859375,7599.3798828125,7563.5498046875,7579.330078125,7858290000
7599.9599609375,7617.66015625,7562.60986328125,7582.2900390625,6583960000
7609.77978515625,7620.89990234375,7582.990234375,7595.39990234375,5904410000
7553.68017578125,7605.35009765625,7551.22021484375,7605.31005859375,5753860000
7584.31005859375,7598.18994140625,7516.5400390625,7516.5400390625,5398910000
7383.740234375,7541.81005859375,7368.6298828125,7537.35986328125,5591290000
7405.72998046875,7466.81005859375,7395.1298828125,7440.56982421875,4898180000
7386.64990234375,7483.14990234375,7237.85009765625,7438.66015625,6006390000
7286.43017578125,7396.56005859375,7282.47021484375,7350.5400390625,1940536000
