Date,Close,High,Low,Open,Volume
,NQ=F,NQ=F,NQ=F,NQ=F,NQ=F
2021-06-21,14130.0,14144.0,13958.5,14022.75,503663
2021-06-22,14258.25,14279.25,14066.5,14136.75,420968
2021-06-23,14263.0,14315.75,14231.75,14274.0,366489
2021-06-24,14354.25,14422.0,14270.0,14275.25,409864
2021-06-25,14339.0,14394.25,14313.25,14365.75,379758
2021-06-28,14512.5,14519.75,14333.25,14350.0,376860
2021-06-29,14563.0,14584.75,14468.75,14504.5,360169
2021-06-30,14549.0,14598.5,14518.25,14584.75,384458
2021-07-01,14548.5,14606.25,14471.0,14558.5,436419
2021-07-02,14713.75,14729.0,14513.25,14543.75,392168
2021-07-06,14775.5,14790.0,14625.25,14704.25,557682
2021-07-07,14802.25,14883.75,14726.25,14764.5,471450
2021-07-08,14712.25,14822.0,14540.5,14812.0,631207
2021-07-09,14810.5,14832.0,14640.75,14710.25,424770
2021-07-12,14869.25,14888.5,14785.0,14824.0,362608
2021-07-13,14865.0,14994.75,14794.5,14880.0,506392
2021-07-14,14891.75,14996.0,14841.25,14869.75,499191
2021-07-15,14787.5,14962.75,14708.25,14895.0,634785
2021-07-16,14670.5,14869.5,14656.0,14778.5,539012
2021-07-19,14540.75,14682.5,14445.0,14675.0,720291
2021-07-20,14722.75,14782.5,14516.75,14593.75,529359
2021-07-21,14827.75,14839.5,14668.25,14729.75,404345
2021-07-22,14928.5,14982.75,14826.75,14836.75,425426
2021-07-23,15098.0,15117.25,14934.25,14979.5,449261
2021-07-26,15117.75,15134.0,15038.75,15098.0,391517
2021-07-27,14947.75,15131.5,14774.25,15125.25,671793
2021-07-28,15011.5,15074.5,14866.0,14875.75,577186
2021-07-29,15037.75,15084.0,14905.0,14984.75,412593
2021-07-30,14955.75,14980.0,14811.25,14905.25,505630
2021-08-02,14952.75,15056.25,14932.25,14972.75,446142
2021-08-03,15046.25,15050.0,14849.0,14962.25,520377
2021-08-04,15073.5,15108.0,14997.0,15038.0,445703
2021-08-05,15167.75,15172.5,15069.25,15081.75,341554
2021-08-06,15095.5,15169.75,15047.25,15167.75,425074
2021-08-09,15125.25,15145.5,15003.25,15090.25,361388
2021-08-10,15044.5,15157.25,14994.5,15128.75,475298
2021-08-11,15019.5,15119.0,14963.0,15045.0,479700
2021-08-12,15078.5,15090.5,14941.25,15008.5,384239
2021-08-13,15125.75,15141.75,15055.25,15079.75,364520
2021-08-16,15134.0,15139.0,14917.25,15119.25,590789
2021-08-17,14997.5,15133.75,14897.0,15131.5,687897
2021-08-18,14849.25,15037.25,14806.5,14970.25,568846
2021-08-19,14928.0,14999.0,14710.5,14840.0,734184
2021-08-20,15086.75,15100.0,14851.0,14943.25,504460
2021-08-23,15304.5,15337.5,15086.5,15090.0,412591
2021-08-24,15355.5,15384.0,15309.5,15327.0,365577
2021-08-25,15364.25,15397.0,15333.0,15362.25,405227
2021-08-26,15274.75,15368.25,15255.25,15367.25,564382
2021-08-27,15426.5,15443.75,15265.5,15286.0,441045
2021-08-30,15597.5,15617.75,15420.0,15432.75,417563
2021-08-31,15582.5,15677.25,15517.75,15605.5,521129
2021-09-01,15609.25,15699.0,15578.5,15599.5,465488
2021-09-02,15601.0,15682.0,15551.75,15610.0,463636
2021-09-03,15651.5,15677.5,15552.25,15601.0,462870
2021-09-07,15674.75,15708.75,15606.75,15656.0,542055
2021-09-08,15620.0,15691.0,15523.75,15671.0,559402
2021-09-09,15558.75,15675.75,15545.75,15610.0,531288
2021-09-10,15441.5,15668.0,15433.5,15561.0,402816
2021-09-13,15436.75,15565.0,15350.25,15452.5,363283
2021-09-14,15387.0,15530.75,15351.25,15452.25,237816
2021-09-15,15504.0,15521.75,15315.25,15395.5,156770
2021-09-16,15517.75,15542.0,15369.5,15516.5,105428
2021-09-17,15486.669921875,15547.0,15474.0,15502.75,641864
2021-09-20,15009.5,15338.25,14807.5,15284.0,845911
2021-09-21,15024.0,15163.25,14963.25,14992.0,659780
2021-09-22,15163.5,15227.0,14930.5,14992.75,601005
2021-09-23,15303.5,15347.0,15175.25,15178.25,514535
2021-09-24,15318.75,15334.25,15176.75,15300.25,470511
2021-09-27,15194.75,15399.25,15084.0,15319.0,543381
2021-09-28,14764.75,15192.25,14740.75,15172.25,836785
2021-09-29,14739.75,14926.0,14711.0,14769.25,649554
2021-09-30,14682.5,14883.5,14670.25,14769.75,699372
2021-10-01,14761.75,14818.0,14537.0,14702.25,663413
2021-10-04,14462.25,14835.0,14367.75,14785.0,802849
2021-10-05,14655.25,14754.75,14410.5,14493.75,574640
2021-10-06,14759.0,14770.0,14422.5,14662.0,756883
2021-10-07,14881.25,15001.25,14767.0,14768.0,492756
2021-10-08,14808.25,14996.0,14790.75,14891.25,550607
2021-10-11,14700.5,14897.25,14677.0,14810.25,510490
2021-10-12,14653.25,14783.25,14585.5,14688.5,599367
2021-10-13,14764.25,14795.75,14591.0,14594.0,556059
2021-10-14,15037.25,15071.5,14767.5,14770.25,425055
2021-10-15,15134.5,15145.0,15020.75,15063.75,442893
2021-10-18,15290.5,15297.25,15038.75,15145.0,423424
2021-10-19,15398.5,15428.25,15269.0,15289.75,384792
2021-10-20,15377.5,15446.5,15319.0,15411.0,451735
2021-10-21,15478.75,15483.75,15301.0,15357.5,436644
2021-10-22,15341.0,15463.5,15273.75,15383.0,545390
2021-10-25,15495.75,15546.0,15295.75,15324.25,456009
2021-10-26,15545.0,15701.0,15503.0,15543.0,586099
2021-10-27,15587.25,15717.5,15507.25,15532.25,534474
2021-10-28,15764.75,15777.0,15591.75,15595.0,498210
2021-10-29,15838.5,15864.75,15595.5,15679.75,484693
2021-11-01,15894.25,15914.75,15768.5,15885.25,411507
2021-11-02,15961.25,15980.25,15849.5,15891.0,418550
2021-11-03,16129.75,16145.75,15935.25,15957.75,448135
2021-11-04,16330.75,16376.0,16129.5,16129.5,524361
2021-11-05,16351.75,16448.5,16292.0,16335.0,525824
2021-11-08,16327.75,16394.0,16256.0,16293.0,414326
2021-11-09,16212.75,16391.75,16160.0,16315.5,560749
2021-11-10,15980.5,16243.0,15896.5,16201.25,658266
2021-11-11,16022.75,16114.0,15976.0,15989.0,434778
2021-11-12,16192.75,16213.25,16001.75,16043.75,422493
2021-11-15,16187.75,16276.5,16082.25,16212.25,483873
2021-11-16,16300.75,16323.75,16142.0,16198.5,424380
2021-11-17,16311.5,16396.5,16270.0,16297.75,455992
2021-11-18,16481.25,16508.0,16303.5,16322.5,602241
2021-11-19,16575.0,16628.5,16490.25,16503.25,549031
2021-11-22,16382.0,16767.5,16364.5,16600.25,770668
2021-11-23,16312.0,16418.75,16118.5,16399.0,901449
2021-11-24,16366.0,16368.5,16102.0,16300.25,656267
2021-11-26,16051.0,16436.0,15988.0,16360.0,680753
2021-11-29,16390.75,16437.75,16038.0,16046.5,597936
2021-11-30,16150.5,16456.25,16068.75,16419.0,854651
2021-12-01,15869.75,16427.5,15825.25,16238.75,861888
2021-12-02,15988.5,16066.25,15762.75,15891.75,853707
2021-12-03,15717.75,16121.75,15538.0,16020.0,898849
2021-12-06,15842.75,15897.25,15559.25,15716.25,695515
2021-12-07,16318.0,16374.5,15824.5,15848.75,594627
2021-12-08,16392.25,16436.75,16251.5,16360.5,494849
2021-12-09,16148.75,16420.0,16120.25,16380.5,612576
2021-12-10,16329.75,16335.75,16133.75,16158.5,395288
2021-12-13,16082.0,16411.25,16064.25,16321.75,286177
2021-12-14,15924.75,16133.75,15738.5,16085.0,274758
2021-12-15,16288.0,16302.5,15744.5,15928.5,161710
2021-12-16,15870.5,16459.25,15800.25,16288.5,143255
2021-12-17,15717.3203125,15902.0,15668.0,15873.0,800579
2021-12-20,15621.25,15851.75,15492.0,15809.5,676197
2021-12-21,15980.0,15987.25,15605.0,15674.25,530228
2021-12-22,16169.75,16183.0,15881.5,15979.0,476670
2021-12-23,16299.0,16356.0,16145.25,16180.0,349182
2021-12-27,16560.0,16580.75,16304.25,16304.25,351308
2021-12-28,16488.0,16659.5,16452.25,16565.75,454633
2021-12-29,16490.5,16564.25,16387.5,16513.5,354985
2021-12-30,16430.25,16567.5,16411.25,16484.5,304259
2021-12-31,16320.75,16464.0,16313.75,16431.0,363720
2022-01-03,16485.5,16508.0,16292.0,16356.0,513549
2022-01-04,16275.75,16564.0,16139.5,16497.75,669527
2022-01-05,15766.5,16269.0,15752.75,16265.0,769790
2022-01-06,15759.0,15895.75,15598.5,15763.75,802950
2022-01-07,15581.0,15852.75,15510.0,15801.75,704406
2022-01-10,15608.0,15669.0,15152.5,15590.0,888780
2022-01-11,15831.0,15839.5,15475.0,15622.25,709363
2022-01-12,15887.25,16009.25,15762.5,15826.0,671265
2022-01-13,15490.25,15979.75,15458.25,15901.0,763018
2022-01-14,15595.75,15621.0,15312.5,15505.0,795897
2022-01-18,15206.0,15653.25,15170.75,15616.75,868066
2022-01-19,15033.5,15372.0,15011.25,15238.75,776612
2022-01-20,14841.0,15340.25,14646.75,15042.25,771410
2022-01-21,14426.5,14858.5,14408.5,14722.0,1041723
2022-01-24,14501.0,14582.0,13706.0,14410.0,1323080
2022-01-25,14140.75,14499.0,13890.0,14495.0,957800
2022-01-26,14158.5,14639.75,13945.5,13945.5,908549
2022-01-27,13986.75,14409.25,13844.5,14194.0,866647
2022-01-28,14433.0,14442.0,13831.0,14167.75,878243
2022-01-31,14905.0,14914.75,14353.25,14454.0,654278
2022-02-01,14994.75,15137.0,14729.25,14868.75,597305
2022-02-02,15114.5,15260.0,14825.0,15129.0,645396
2022-02-03,14492.25,14870.0,14456.25,14852.5,731581
2022-02-04,14685.5,14825.75,14362.75,14770.0,763735
2022-02-07,14559.75,14806.25,14511.5,14682.5,562312
2022-02-08,14734.5,14776.0,14467.5,14600.0,611858
2022-02-09,15038.25,15068.0,14741.0,14746.25,529886
2022-02-10,14701.0,15062.25,14622.0,15062.25,834478
2022-02-11,14240.5,14766.75,14181.0,14698.25,835981
2022-02-14,14253.0,14394.0,14031.0,14250.0,734224
2022-02-15,14609.5,14614.75,14223.25,14257.0,558472
2022-02-16,14600.0,14668.5,14381.0,14588.0,594304
2022-02-17,14164.75,14619.5,14131.5,14592.25,631084
2022-02-18,13996.0,14299.0,13906.25,14156.25,760914
2022-02-22,13862.75,14157.5,13580.25,13952.75,1114720
2022-02-23,13507.5,14068.75,13471.25,13928.25,713187
2022-02-24,13966.5,13983.25,13025.75,13484.25,1122732
2022-02-25,14180.5,14196.25,13760.25,13909.5,784997
2022-02-28,14228.0,14292.25,13683.0,13900.25,753711
2022-03-01,14005.5,14327.75,13900.0,14219.25,645171
2022-03-02,14239.25,14290.0,13911.5,14026.25,629022
2022-03-03,14030.5,14391.0,13955.0,14196.5,596925
2022-03-04,13839.75,14086.5,13733.75,14069.25,725774
2022-03-07,13320.75,13879.75,13265.0,13763.5,717846
2022-03-08,13267.0,13666.0,13103.25,13283.0,841407
2022-03-09,13734.75,13821.75,13189.75,13192.25,650826
2022-03-10,13586.0,13778.0,13396.25,13778.0,611077
2022-03-11,13292.0,13860.75,13281.75,13577.25,439890
2022-03-14,13045.5,13447.5,13015.5,13362.0,402608
2022-03-15,13451.75,13489.0,12944.0,13082.0,284955
2022-03-16,13953.0,14029.25,13420.5,13451.75,274498
2022-03-17,14111.75,14136.25,13822.75,13999.0,125160
2022-03-18,14095.3095703125,14095.3095703125,13970.5,14060.0,558776
2022-03-21,14370.5,14466.75,14183.75,14404.0,589629
2022-03-22,14654.0,14690.75,14293.5,14390.0,509918
2022-03-23,14447.0,14682.25,14441.0,14654.0,555130
2022-03-24,14763.75,14769.75,14433.5,14462.75,512267
2022-03-25,14755.75,14840.5,14572.5,14765.0,553931
2022-03-28,14985.25,14997.0,14658.75,14756.0,532125
2022-03-29,15237.75,15268.75,14956.5,14981.0,552951
2022-03-30,15071.5,15262.25,15012.25,15222.0,513516
2022-03-31,14868.75,15180.75,14855.5,15100.5,560785
2022-04-01,14863.75,14960.0,14725.0,14918.75,539029
2022-04-04,15164.25,15174.5,14801.0,14846.0,460171
2022-04-05,14828.0,15198.0,14780.25,15155.5,563198
2022-04-06,14505.25,14861.25,14394.75,14861.0,783213
2022-04-07,14536.0,14633.75,14317.0,14496.25,645737
2022-04-08,14327.0,14642.25,14310.5,14536.25,640156
2022-04-11,14000.0,14382.0,13984.75,14345.0,577477
2022-04-12,13945.0,14284.25,13881.25,14006.25,704351
2022-04-13,14221.5,14266.5,13921.0,13952.75,530164
2022-04-14,13893.75,14296.25,13876.5,14211.5,548400
2022-04-18,13907.75,14002.5,13729.5,13892.0,492103
2022-04-19,14217.25,14242.0,13828.0,13962.75,556357
2022-04-20,14004.75,14298.0,13956.5,14104.75,604344
2022-04-21,13728.25,14283.0,13667.5,14070.0,685788
2022-04-22,13353.5,13781.0,13297.0,13720.0,732255
2022-04-25,13535.75,13549.75,13184.0,13334.25,749649
2022-04-26,13016.0,13583.75,12801.5,13523.5,755330
2022-04-27,13009.0,13255.25,12878.25,12881.0,817196
2022-04-28,13454.75,13542.0,13033.0,13191.0,756360
2022-04-29,12852.0,13433.0,12831.75,13219.5,723386
2022-05-02,13073.0,13084.5,12709.75,12892.25,763818
2022-05-03,13087.5,13183.75,12968.5,13051.75,662216
2022-05-04,13531.25,13555.25,12883.0,13121.0,703191
2022-05-05,12858.0,13548.0,12705.25,13500.25,877795
2022-05-06,12695.75,12928.75,12519.0,12883.25,852234
2022-05-09,12193.75,12637.25,12135.25,12605.0,816033
2022-05-10,12349.0,12547.0,12102.25,12206.0,853859
2022-05-11,11969.75,12553.25,11938.5,12328.75,865890
2022-05-12,11947.25,12132.75,11689.0,12004.5,878238
2022-05-13,12382.75,12432.0,11891.5,11891.5,663517
2022-05-16,12244.75,12498.75,12190.25,12409.0,623715
2022-05-17,12560.25,12578.0,12234.0,12235.5,653222
2022-05-18,11935.5,12594.0,11862.75,12572.0,735386
2022-05-19,11878.25,12076.75,11704.0,11907.0,827741
2022-05-20,11840.75,12096.75,11491.25,11898.0,806781
2022-05-23,12035.25,12075.5,11783.75,11866.0,660213
2022-05-24,11771.0,11918.0,11576.25,11915.0,717429
2022-05-25,11942.25,12036.0,11672.0,11808.0,671096
2022-05-26,12279.25,12343.0,11848.25,11887.5,611884
2022-05-27,12677.75,12720.25,12222.0,12250.0,615992
2022-05-31,12646.5,12883.0,12480.0,12705.25,832388
2022-06-01,12551.0,12823.5,12454.75,12662.5,682211
2022-06-02,12893.75,12903.75,12442.5,12549.75,620008
2022-06-03,12551.0,12945.25,12503.0,12896.0,652955
2022-06-06,12605.0,12810.0,12527.0,12549.75,536936
2022-06-07,12711.5,12740.25,12412.5,12605.25,577970
2022-06-08,12615.75,12783.0,12579.25,12680.5,583652
2022-06-09,12275.0,12726.0,12255.25,12625.0,690155
2022-06-10,11840.0,12338.75,11823.0,12301.5,617395
2022-06-13,11296.5,11772.5,11254.5,11768.0,530220
2022-06-14,11314.25,11505.5,11205.0,11334.25,378134
2022-06-15,11593.75,11759.25,11327.75,11329.75,265812
2022-06-16,11124.75,11737.75,11036.75,11608.5,146538
2022-06-17,11130.3896484375,11290.0,11130.25,11178.5,731831
2022-06-21,11577.25,11678.25,11273.75,11332.5,657209
2022-06-22,11565.75,11745.75,11320.5,11579.75,638960
2022-06-23,11737.5,11766.75,11460.5,11542.75,630125
2022-06-24,12140.5,12148.5,11684.75,11687.75,563303
2022-06-27,12040.5,12262.0,11994.25,12137.5,565803
2022-06-28,11674.25,12174.25,11661.5,12076.25,634694
2022-06-29,11691.0,11749.0,11564.5,11680.5,590173
2022-06-30,11529.5,11696.75,11351.0,11691.5,738071
2022-07-01,11611.25,11629.75,11381.75,11507.5,605401
2022-07-05,11808.5,11815.75,11389.25,11606.0,790937
2022-07-06,11880.25,11974.25,11727.75,11820.25,649912
2022-07-07,12138.5,12168.5,11836.5,11901.25,550463
2022-07-08,12152.0,12211.0,11952.5,12115.0,640445
2022-07-11,11884.25,12149.75,11853.0,12149.75,578336
2022-07-12,11779.0,12025.5,11712.0,11900.5,607949
2022-07-13,11762.25,11970.0,11479.25,11780.0,732270
2022-07-14,11797.5,11835.0,11511.25,11729.5,654560
2022-07-15,12007.5,12021.5,11740.25,11810.5,560980
2022-07-18,11907.0,12186.5,11857.0,12043.5,553676
2022-07-19,12274.0,12328.5,11889.5,11909.5,585591
2022-07-20,12465.25,12517.5,12235.75,12330.5,643607
2022-07-21,12640.0,12655.25,12373.5,12440.0,605066
2022-07-22,12423.5,12698.5,12343.75,12559.25,634548
2022-07-25,12354.5,12498.5,12266.5,12444.5,491612
2022-07-26,12112.5,12334.0,12072.0,12311.25,536287
2022-07-27,12619.0,12690.0,12191.75,12192.0,634889
2022-07-28,12737.5,12948.0,12449.0,12580.0,645261
2022-07-29,12971.5,13012.0,12744.25,12920.25,592416
2022-08-01,12962.5,13108.75,12851.75,12981.0,622511
2022-08-02,12924.5,13097.0,12814.75,12974.25,674564
2022-08-03,13271.5,13310.25,12867.25,12921.0,690056
2022-08-04,13327.0,13356.0,13184.75,13247.0,542680
2022-08-05,13228.75,13384.5,13085.0,13327.25,687792
2022-08-08,13183.25,13419.25,13120.5,13227.75,597182
2022-08-09,13031.5,13233.75,12963.25,13206.25,553704
2022-08-10,13392.0,13408.0,12982.0,13050.0,602069
2022-08-11,13311.25,13575.0,13285.0,13380.5,614816
2022-08-12,13577.75,13583.25,13312.0,13344.25,500647
2022-08-15,13681.25,13706.0,13495.25,13571.5,463768
2022-08-16,13658.25,13740.75,13522.75,13674.75,555979
2022-08-17,13493.25,13672.0,13406.25,13658.0,610667
2022-08-18,13523.25,13575.5,13410.75,13503.0,530513
2022-08-19,13268.5,13534.5,13228.75,13534.25,618758
2022-08-22,12909.75,13226.5,12874.5,13226.5,599946
2022-08-23,12896.5,13018.5,12823.5,12933.75,570278
2022-08-24,12929.75,13011.25,12825.75,12892.0,503227
2022-08-25,13156.0,13161.5,12925.0,12944.0,543666
2022-08-26,12620.5,13220.0,12557.5,13153.75,753862
2022-08-29,12492.75,12610.25,12401.5,12485.0,693093
2022-08-30,12358.75,12658.25,12247.5,12503.5,797462
2022-08-31,12285.25,12513.0,12276.25,12366.0,672068
2022-09-01,12292.25,12299.5,12017.75,12284.75,820606
2022-09-02,12104.25,12461.5,12040.25,12297.75,835870
2022-09-06,12019.0,12244.5,11930.0,12110.5,895450
2022-09-07,12263.25,12306.25,11921.5,12019.75,677159
2022-09-08,12321.75,12379.5,12115.75,12267.75,737024
2022-09-09,12592.5,12613.75,12329.5,12345.25,535984
2022-09-12,12740.75,12773.75,12573.25,12626.0,444255
2022-09-13,12036.5,12889.0,12003.25,12769.5,463841
2022-09-14,12142.0,12173.0,12001.75,12050.25,270232
2022-09-15,11934.75,12187.75,11866.5,12159.0,169928
2022-09-16,11814.580078125,11880.0,11750.5,11880.0,754923
2022-09-19,12024.0,12066.25,11792.25,11920.0,632663
2022-09-20,11922.25,12092.5,11828.25,12045.75,704882
2022-09-21,11710.0,12140.5,11647.5,11946.0,822965
2022-09-22,11565.5,11796.0,11510.0,11661.25,786180
2022-09-23,11376.75,11600.25,11229.0,11583.75,799378
2022-09-26,11316.25,11537.75,11256.5,11362.5,809853
2022-09-27,11333.75,11568.25,11233.5,11315.5,841073
2022-09-28,11555.75,11613.5,11141.5,11361.0,897742
2022-09-29,11228.25,11567.25,11091.5,11544.0,891823
2022-09-30,11035.5,11357.25,11024.25,11220.0,878168
2022-10-03,11285.75,11358.25,10890.75,11030.0,757581
2022-10-04,11640.75,11675.0,11281.5,11314.5,772885
2022-10-05,11623.75,11711.0,11366.5,11630.25,700889
2022-10-06,11541.75,11729.75,11505.25,11628.0,773914
2022-10-07,11101.5,11564.5,11043.25,11494.5,759141
2022-10-10,10984.5,11136.5,10876.75,11067.75,757732
2022-10-11,10845.0,11039.5,10767.25,10987.0,833906
2022-10-12,10840.5,10976.75,10805.5,10875.0,731214
2022-10-13,11083.75,11142.75,10484.75,10859.0,1050244
2022-10-14,10744.0,11253.5,10726.75,11064.75,843525
2022-10-17,11110.25,11146.25,10713.0,10720.0,638720
2022-10-18,11198.75,11431.75,11081.5,11161.25,832215
2022-10-19,11153.25,11382.75,11049.0,11320.25,733776
2022-10-20,11090.75,11328.75,11008.0,11134.0,739672
2022-10-21,11358.5,11386.25,10935.5,11061.25,840952
2022-10-24,11478.75,11530.25,11207.75,11393.75,715016
2022-10-25,11713.5,11734.0,11430.25,11453.75,660210
2022-10-26,11446.0,11703.5,11415.0,11510.0,784638
2022-10-27,11235.25,11537.5,10921.5,11417.75,769071
2022-10-28,11587.0,11626.0,11062.0,11122.75,728261
2022-10-31,11447.25,11595.0,11367.25,11592.5,607680
2022-11-01,11332.0,11619.0,11288.75,11455.0,605362
2022-11-02,10944.5,11460.0,10909.0,11320.25,770983
2022-11-03,10728.0,10996.0,10708.0,10938.0,705050
2022-11-04,10890.25,10974.25,10636.0,10712.0,881129
2022-11-07,11014.25,11038.5,10751.0,10786.5,554692
2022-11-08,11094.25,11231.25,10928.75,11016.0,728868
2022-11-09,10830.75,11164.25,10822.25,11089.25,669071
2022-11-10,11632.25,11677.0,10808.0,10841.0,862147
2022-11-11,11848.0,11876.75,11569.25,11669.75,682257
2022-11-14,11734.75,11898.5,11702.0,11791.0,576678
2022-11-15,11904.25,12118.75,11761.75,11768.5,771822
2022-11-16,11739.5,11963.0,11706.5,11882.0,577864
2022-11-17,11710.5,11827.5,11528.25,11777.75,658469
2022-11-18,11708.0,11843.0,11607.0,11747.75,585873
2022-11-21,11588.0,11756.0,11553.0,11723.0,477970
2022-11-22,11754.5,11759.25,11526.5,11588.0,531087
2022-11-23,11862.75,11892.75,11720.0,11741.5,474645
2022-11-25,11782.75,11933.0,11766.25,11878.0,252366
2022-11-28,11616.25,11788.5,11575.25,11731.25,506250
2022-11-29,11524.75,11704.5,11465.0,11625.0,555859
2022-11-30,12042.25,12078.5,11497.75,11520.0,769082
2022-12-01,12062.75,12145.0,11943.25,12079.25,629297
2022-12-02,12010.25,12067.75,11740.5,12039.75,588295
2022-12-05,11805.75,12015.75,11745.5,12000.5,537924
2022-12-06,11566.0,11846.25,11502.0,11812.0,657271
2022-12-07,11509.5,11596.25,11422.5,11566.0,634691
2022-12-08,11645.5,11685.75,11433.0,11500.0,600826
2022-12-09,11569.75,11748.0,11517.0,11641.5,504052
2022-12-12,11711.75,11716.0,11522.75,11553.0,354886
2022-12-13,11839.75,12229.5,11680.5,11691.25,407612
2022-12-14,11750.75,11948.5,11613.75,11839.0,197122
2022-12-15,11347.25,11779.5,11298.25,11758.75,182838
2022-12-16,11327.0400390625,11381.25,11206.5,11340.25,665526
2022-12-19,11193.25,11411.0,11131.75,11328.75,562529
2022-12-20,11175.75,11247.0,11043.5,11182.5,625090
2022-12-21,11334.5,11389.75,11181.0,11206.5,631322
2022-12-22,11054.25,11384.75,10870.5,11357.0,714500
2022-12-23,11075.25,11143.0,10916.25,11061.0,534525
2022-12-27,10915.5,11183.75,10896.0,11104.0,499799
2022-12-28,10772.75,10996.5,10758.75,10915.75,635572
2022-12-29,11032.75,11071.5,10777.5,10785.75,470004
2022-12-30,11022.25,11051.5,10855.5,11033.5,462484
2023-01-03,10945.5,11182.0,10844.75,11122.5,657681
2023-01-04,10999.25,11068.5,10863.5,10941.25,758003
2023-01-05,10820.25,11046.75,10805.0,10988.5,694452
2023-01-06,11113.5,11165.75,10751.0,10838.75,736332
2023-01-09,11185.5,11385.5,11120.25,11126.5,646318
2023-01-10,11282.0,11288.75,11094.0,11184.75,559281
2023-01-11,11476.5,11479.5,11239.75,11282.5,500153
2023-01-12,11534.25,11579.75,11291.0,11474.5,754571
2023-01-13,11608.0,11619.5,11389.0,11528.5,482002
2023-01-17,11624.5,11685.0,11510.25,11613.5,576141
2023-01-18,11475.75,11759.5,11468.0,11619.75,619614
2023-01-19,11356.5,11487.0,11308.5,11470.5,594769
2023-01-20,11677.0,11686.75,11365.25,11401.0,577769
2023-01-23,11934.0,11983.0,11650.5,11676.75,593978
2023-01-24,11909.5,12010.5,11835.75,11933.0,511370
2023-01-25,11873.25,11976.5,11604.5,11970.5,633473
2023-01-26,12106.75,12113.0,11867.25,11874.75,621434
2023-01-27,12222.25,12308.5,12016.0,12049.0,588072
2023-01-30,11968.0,12252.0,11960.0,12212.5,634667
2023-01-31,12152.0,12156.0,11871.0,11984.0,585202
2023-02-01,12414.25,12524.5,12055.25,12116.0,668515
2023-02-02,12846.75,12949.75,12501.75,12520.0,817822
2023-02-03,12624.0,12878.0,12551.25,12748.25,824209
2023-02-06,12515.5,12608.5,12455.75,12572.0,535147
2023-02-07,12776.75,12818.5,12459.25,12513.0,744996
2023-02-08,12545.25,12808.5,12512.75,12747.0,590355
2023-02-09,12425.5,12728.5,12366.5,12555.0,612404
2023-02-10,12346.25,12451.5,12243.25,12448.75,600244
2023-02-13,12540.5,12567.0,12265.25,12357.5,467840
2023-02-14,12631.0,12687.0,12390.5,12547.25,719204
2023-02-15,12730.0,12756.5,12524.25,12620.75,568579
2023-02-16,12482.5,12792.75,12455.25,12740.0,682325
2023-02-17,12390.0,12466.25,12265.75,12462.5,629355
2023-02-21,12096.75,12417.75,12090.25,12380.0,609494
2023-02-22,12097.5,12190.5,12034.0,12108.0,640711
2023-02-23,12207.5,12261.0,12028.5,12176.25,640962
2023-02-24,11997.0,12214.5,11923.0,12190.0,643618
2023-02-27,12083.25,12189.5,11990.0,12003.0,578952
2023-02-28,12072.25,12172.75,12025.75,12093.5,646026
2023-03-01,11961.75,12141.75,11924.75,12041.25,759645
2023-03-02,12062.0,12096.25,11832.5,11967.0,752009
2023-03-03,12311.25,12329.0,12012.0,12049.0,675472
2023-03-06,12323.5,12486.25,12276.25,12306.25,612506
2023-03-07,12169.0,12381.25,12142.25,12320.25,685006
2023-03-08,12228.25,12254.5,12108.25,12170.0,633419
2023-03-09,12007.25,12353.5,11977.5,12231.0,816838
2023-03-10,11840.25,12109.0,11795.0,12005.0,871209
2023-03-13,11931.75,12095.75,11674.25,11894.75,694438
2023-03-14,12207.0,12223.0,11921.75,11960.0,364395
2023-03-15,12247.75,12280.0,11972.0,12200.75,261341
2023-03-16,12583.0,12600.5,12189.25,12264.5,181754
2023-03-17,12594.650390625,12636.5,12531.75,12575.75,734052
2023-03-20,12688.5,12750.0,12525.25,12690.0,694471
2023-03-21,12867.25,12898.25,12676.5,12699.75,565860
2023-03-22,12707.0,13082.0,12678.0,12873.25,713083
2023-03-23,12854.0,13031.0,12694.25,12695.0,838385
2023-03-24,12890.25,12924.75,12728.0,12871.5,676547
2023-03-27,12788.5,12984.5,12765.5,12916.0,562634
2023-03-28,12732.5,12833.5,12634.25,12810.5,537965
2023-03-29,12965.0,12994.0,12742.0,12745.5,566316
2023-03-30,13082.0,13111.75,12931.5,12962.5,583151
2023-03-31,13301.75,13311.5,13057.5,13084.25,624955
2023-04-03,13270.0,13278.75,13154.0,13262.0,542896
2023-04-04,13219.0,13348.75,13168.25,13259.0,577032
2023-04-05,13079.75,13247.25,13006.0,13230.0,594608
2023-04-06,13170.75,13191.0,12953.25,13072.75,41224
2023-04-10,13158.0,13203.25,12967.5,13179.75,553003
2023-04-11,13074.75,13208.75,13053.5,13163.25,549047
2023-04-12,12952.25,13241.75,12937.75,13073.75,684779
2023-04-13,13209.75,13228.0,12925.5,12957.0,558233
2023-04-14,13181.25,13255.0,13058.0,13183.0,627824
2023-04-17,13186.5,13218.0,13076.75,13212.5,540742
2023-04-18,13193.0,13298.75,13138.0,13184.0,576668
2023-04-19,13183.0,13226.75,13065.0,13170.5,529506
2023-04-20,13074.25,13200.0,13021.75,13162.0,680299
2023-04-21,13090.5,13122.0,12982.5,13089.0,593982
2023-04-24,13056.5,13134.0,12967.25,13070.0,582286
2023-04-25,12809.5,13059.5,12800.0,13050.25,694266
2023-04-26,12887.75,13012.25,12863.75,12940.0,755124
2023-04-27,13231.25,13333.0,12936.0,12965.0,728241
2023-04-28,13320.25,13336.0,13169.0,13215.0,671058
2023-05-01,13306.75,13370.25,13258.75,13317.0,487908
2023-05-02,13184.5,13334.75,13110.25,13290.0,664855
2023-05-03,13100.75,13314.0,13080.0,13162.0,648753
2023-05-04,13043.75,13173.0,13001.75,13064.0,656440
2023-05-05,13317.75,13359.0,13055.75,13060.0,573291
2023-05-08,13352.25,13368.0,13254.5,13316.0,506054
2023-05-09,13264.75,13347.0,13250.5,13338.5,552248
2023-05-10,13409.5,13446.75,13202.75,13258.75,839699
2023-05-11,13446.5,13470.25,13361.5,13410.0,653399
2023-05-12,13396.25,13494.25,13310.5,13446.0,628035
2023-05-15,13468.0,13480.0,13350.0,13378.75,495940
2023-05-16,13483.25,13554.5,13426.25,13461.0,561834
2023-05-17,13643.5,13669.0,13474.25,13498.5,621137
2023-05-18,13894.0,13913.0,13628.25,13640.5,749496
2023-05-19,13858.0,13960.25,13814.25,13908.5,659819
2023-05-22,13902.5,13946.75,13794.25,13805.5,538203
2023-05-23,13728.75,13979.25,13710.0,13913.25,658680
2023-05-24,13650.25,13845.75,13566.5,13729.0,704804
2023-05-25,13976.5,14031.25,13803.0,13877.0,819148
2023-05-26,14332.5,14369.0,13924.5,13977.75,729047
2023-05-30,14396.75,14570.0,14336.75,14437.5,882198
2023-05-31,14300.5,14429.0,14251.25,14397.25,680429
2023-06-01,14472.25,14528.25,14248.25,14289.5,622329
2023-06-02,14575.25,14627.75,14468.25,14494.0,623290
2023-06-05,14588.75,14694.75,14512.75,14577.0,619089
2023-06-06,14586.5,14623.75,14504.5,14582.0,572806
2023-06-07,14331.5,14675.0,14305.5,14594.5,770555
2023-06-08,14503.0,14526.75,14256.75,14316.0,631769
2023-06-09,14556.25,14687.5,14460.25,14517.0,581386
2023-06-12,14800.5,14827.0,14554.25,14560.25,397388
2023-06-13,14914.25,14967.75,14779.5,14824.0,347119
2023-06-14,15012.75,15061.5,14793.0,14925.0,204099
2023-06-15,15188.0,15252.0,14878.0,15038.0,139777
2023-06-16,15316.6103515625,15324.0,15130.5,15181.25,636907
2023-06-20,15256.5,15322.5,15126.5,15303.25,652883
2023-06-21,15044.0,15273.25,15002.25,15247.5,640702
2023-06-22,15214.75,15238.0,14964.0,15038.75,611017
2023-06-23,15058.25,15236.0,14985.25,15236.0,620593
2023-06-26,14856.5,15152.5,14853.5,15057.75,649993
2023-06-27,15111.5,15139.25,14862.25,14875.0,569198
2023-06-28,15130.0,15219.0,15021.25,15088.25,662146
2023-06-29,15100.25,15202.75,15028.5,15161.0,594134
2023-06-30,15337.0,15376.75,15099.0,15106.0,529455
2023-07-03,15364.75,15392.0,15308.0,15331.0,265064
2023-07-05,15360.75,15432.0,15255.25,15357.0,519857
2023-07-06,15238.0,15366.0,15111.5,15353.75,574681
2023-07-07,15181.75,15359.75,15172.25,15211.75,555119
2023-07-10,15187.0,15218.25,15063.25,15198.5,609953
2023-07-11,15260.0,15278.75,15109.5,15195.75,552637
2023-07-12,15444.75,15507.75,15254.5,15258.0,649433
2023-07-13,15711.5,15741.25,15456.5,15457.75,563935
2023-07-14,15694.25,15857.25,15663.0,15699.0,629943
2023-07-17,15840.75,15882.75,15661.5,15690.0,522129
2023-07-18,15974.75,16029.75,15733.0,15832.0,633272
2023-07-19,15959.25,16062.75,15911.25,15949.25,682279
2023-07-20,15592.25,15925.75,15547.0,15922.75,810475
2023-07-21,15540.0,15719.25,15522.25,15590.75,704413
2023-07-24,15561.25,15618.75,15483.75,15556.0,561877
2023-07-25,15673.0,15736.25,15549.25,15570.0,554880
2023-07-26,15610.75,15739.25,15515.0,15730.25,683826
2023-07-27,15571.0,15904.0,15511.25,15638.75,846437
2023-07-28,15847.5,15896.0,15546.25,15580.0,689386
2023-07-31,15857.5,15917.0,15791.25,15850.0,523896
2023-08-01,15817.25,15889.25,15728.25,15869.25,529660
2023-08-02,15473.0,15789.75,15414.0,15757.0,773499
2023-08-03,15438.75,15551.75,15339.5,15455.75,658841
2023-08-04,15354.0,15610.25,15336.5,15441.0,773229
2023-08-07,15485.5,15495.5,15334.25,15370.5,578299
2023-08-08,15354.25,15497.75,15218.0,15495.0,638813
2023-08-09,15178.25,15432.5,15146.5,15351.75,652732
2023-08-10,15201.25,15442.25,15136.0,15202.5,807104
2023-08-11,15095.75,15266.75,15037.25,15219.0,613959
2023-08-14,15270.25,15282.0,15020.75,15104.0,554628
2023-08-15,15106.5,15335.0,15074.75,15279.0,593602
2023-08-16,14942.25,15166.0,14921.5,15110.75,641607
2023-08-17,14778.0,15018.25,14738.25,14940.25,681399
2023-08-18,14744.0,14802.75,14609.25,14748.0,731241
2023-08-21,14985.75,15013.75,14720.5,14762.5,641685
2023-08-22,14958.5,15118.25,14932.0,14974.5,623728
2023-08-23,15195.5,15356.75,14957.25,14959.75,606168
2023-08-24,14862.0,15418.0,14817.0,15333.0,847308
2023-08-25,14979.25,15048.75,14751.75,14833.0,823889
2023-08-28,15092.5,15126.5,14973.5,14991.0,586342
2023-08-29,15415.75,15430.5,15049.75,15098.75,616223
2023-08-30,15501.25,15522.75,15361.5,15427.5,590194
2023-08-31,15538.5,15606.75,15460.0,15513.75,584743
2023-09-01,15516.25,15661.25,15454.0,15534.0,572689
2023-09-05,15534.5,15586.75,15418.25,15517.0,604891
2023-09-06,15399.5,15533.0,15310.5,15511.25,596503
2023-09-07,15282.25,15395.75,15157.5,15385.0,644887
2023-09-08,15297.5,15390.75,15223.0,15286.25,598477
2023-09-11,15475.75,15497.5,15298.0,15308.0,411385
2023-09-12,15304.75,15480.75,15288.75,15466.5,253049
2023-09-13,15356.25,15424.25,15212.75,15308.5,190166
2023-09-14,15478.0,15517.75,15337.25,15372.75,110435
2023-09-15,15435.2001953125,15524.0,15401.25,15480.25,708762
2023-09-18,15414.5,15461.0,15330.5,15382.25,509746
2023-09-19,15375.25,15442.25,15248.5,15424.25,552065
2023-09-20,15152.0,15436.25,15127.0,15375.25,605256
2023-09-21,14862.75,15149.0,14841.0,15133.25,702742
2023-09-22,14869.5,15027.5,14836.25,14854.5,624056
2023-09-25,14935.25,14955.75,14782.25,14880.25,568859
2023-09-26,14715.0,14949.0,14666.25,14949.0,667617
2023-09-27,14739.0,14821.5,14586.0,14725.25,716200
2023-09-28,14859.75,14947.5,14658.0,14772.5,734472
2023-09-29,14866.5,15060.75,14811.0,14876.5,745541
2023-10-02,14984.75,15046.0,14826.0,14965.0,762896
2023-10-03,14714.5,15031.0,14651.5,14989.5,762964
2023-10-04,14923.75,14956.0,14589.0,14713.75,803257
2023-10-05,14861.75,14958.75,14716.25,14903.0,676461
2023-10-06,15112.0,15160.25,14660.0,14853.75,840602
2023-10-09,15187.0,15212.75,14949.5,15040.25,617072
2023-10-10,15270.75,15383.5,15171.75,15196.5,648613
2023-10-11,15380.0,15416.75,15253.0,15282.25,614965
2023-10-12,15315.0,15468.75,15216.25,15407.5,747494
2023-10-13,15120.25,15366.75,15062.25,15324.0,777005
2023-10-16,15289.5,15336.75,15083.0,15120.0,641294
2023-10-17,15240.75,15309.25,15050.25,15305.75,781599
2023-10-18,15025.25,15238.25,14979.25,15236.5,853599
2023-10-19,14890.0,15138.25,14839.5,15045.0,1019700
2023-10-20,14664.0,14887.5,14645.0,14850.0,846675
2023-10-23,14712.0,14853.75,14514.25,14680.0,765733
2023-10-24,14846.5,14948.75,14706.0,14744.0,703058
2023-10-25,14478.25,14855.0,14444.0,14828.0,820677
2023-10-26,14194.0,14459.0,14140.25,14425.0,987597
2023-10-27,14265.25,14407.75,14209.75,14248.25,782097
2023-10-30,14416.5,14476.5,14303.0,14336.0,704860
2023-10-31,14490.25,14503.75,14311.25,14410.5,712605
2023-11-01,14744.5,14762.0,14410.75,14460.0,741817
2023-11-02,14998.0,15017.25,14760.0,14761.25,652481
2023-11-03,15178.75,15228.5,14925.5,14928.0,633835
2023-11-06,15232.5,15257.5,15138.0,15187.0,496129
2023-11-07,15374.25,15412.25,15176.0,15215.0,585124
2023-11-08,15386.5,15417.5,15286.75,15373.0,547842
2023-11-09,15256.0,15453.75,15236.75,15356.25,710427
2023-11-10,15596.25,15612.75,15207.25,15254.75,679633
2023-11-13,15547.0,15601.25,15465.25,15586.25,532937
2023-11-14,15879.75,15918.75,15552.0,15558.0,656099
2023-11-15,15889.25,16049.5,15832.25,15895.0,685072
2023-11-16,15897.5,15906.75,15796.75,15846.75,634456
2023-11-17,15895.75,15940.0,15825.0,15897.75,562424
2023-11-20,16086.5,16116.75,15837.25,15895.0,559493
2023-11-21,15990.25,16122.5,15912.0,16087.5,575452
2023-11-22,16049.25,16173.5,15942.75,15967.25,624552
2023-11-23,16062.5,16086.5,16034.5,16036.75,624552
2023-11-24,16021.0,16086.5,15981.75,16036.75,296604
2023-11-27,16008.75,16089.25,15938.75,16008.0,502555
2023-11-28,16048.0,16071.5,15945.25,16005.25,598224
2023-11-29,16023.75,16208.5,16013.5,16055.5,634326
2023-11-30,15985.5,16098.5,15856.0,16040.25,694118
2023-12-01,16023.75,16050.0,15864.0,15955.0,621710
2023-12-04,15869.0,16026.0,15721.25,16022.0,721019
2023-12-05,15908.75,15961.0,15761.25,15863.25,683586
2023-12-06,15815.25,16037.75,15802.0,15897.0,675482
2023-12-07,16038.75,16066.0,15791.0,15814.5,632326
2023-12-08,16098.25,16118.75,15888.25,16017.5,588926
2023-12-11,16237.0,16248.0,16045.5,16093.0,394184
2023-12-12,16362.75,16389.5,16185.25,16240.0,253666
2023-12-13,16563.75,16593.0,16365.5,16383.0,155141
2023-12-14,16541.5,16674.5,16418.75,16561.5,131883
2023-12-15,16530.23046875,16612.5,16521.5,16532.5,668578
2023-12-18,16939.75,16974.0,16802.25,16820.25,463438
2023-12-19,17023.0,17029.5,16910.75,16917.0,496518
2023-12-20,16766.25,17073.5,16758.5,17024.0,654329
2023-12-21,16956.5,16970.25,16790.25,16790.25,639818
2023-12-22,16980.0,17041.5,16891.5,16956.0,486853
2023-12-26,17083.5,17111.25,16964.5,16964.5,292090
2023-12-27,17113.25,17133.0,17055.5,17090.25,424302
2023-12-28,17090.5,17165.25,17077.75,17127.0,357702
2023-12-29,17023.5,17131.0,16938.25,17090.25,470864
2024-01-02,16720.0,17038.5,16622.5,17019.0,652714
2024-01-03,16538.0,16737.25,16522.0,16736.75,677219
2024-01-04,16445.0,16587.25,16436.0,16545.25,559464
2024-01-05,16460.25,16577.25,16334.25,16455.0,627475
2024-01-08,16803.75,16811.25,16378.25,16470.0,549900
2024-01-09,16830.25,16868.5,16657.75,16788.0,605921
2024-01-10,16945.25,16983.0,16801.5,16829.5,550703
2024-01-11,16966.25,17057.0,16753.0,16955.0,756441
2024-01-12,16969.25,17042.5,16866.5,16957.75,593445
2024-01-16,16966.5,17033.75,16811.75,16961.75,816021
2024-01-17,16869.75,16982.0,16689.25,16978.0,722784
2024-01-18,17110.0,17125.75,16834.25,16854.5,852229
2024-01-19,17438.5,17471.25,17107.25,17116.0,758132
2024-01-22,17458.5,17585.0,17434.0,17466.0,637245
2024-01-23,17531.25,17558.25,17409.5,17461.0,508078
2024-01-24,17621.0,17793.5,17552.25,17554.0,721605
2024-01-25,17634.5,17752.0,17542.0,17614.75,710822
2024-01-26,17527.0,17632.0,17466.0,17571.25,631481
2024-01-29,17706.0,17716.25,17457.5,17502.0,568739
2024-01-30,17588.5,17735.75,17467.0,17711.75,554146
2024-01-31,17242.25,17484.0,17221.5,17415.5,816119
2024-02-01,17436.75,17646.75,17262.75,17273.25,705238
2024-02-02,17732.75,17775.5,17465.5,17588.0,761167
2024-02-05,17700.0,17745.5,17554.25,17696.0,621645
2024-02-06,17660.0,17769.0,17560.75,17698.5,623168
2024-02-07,17841.75,17875.5,17629.75,17645.75,613340
2024-02-08,17868.25,17896.5,17792.25,17856.25,471370
2024-02-09,18039.25,18071.0,17852.25,17854.25,499282
2024-02-12,17965.0,18121.5,17911.25,18040.0,538132
2024-02-13,17676.75,17963.25,17542.0,17928.5,858230
2024-02-14,17881.0,17887.0,17669.25,17703.0,688088
2024-02-15,17912.75,17968.25,17780.5,17870.0,657768
2024-02-16,17744.0,18026.0,17715.0,17952.0,744628
2024-02-20,17607.25,17807.5,17452.5,17729.25,889292
2024-02-21,17536.75,17723.0,17372.75,17573.0,731450
2024-02-22,18047.5,18087.0,17676.0,17702.5,759232
2024-02-23,17991.0,18144.75,17946.0,18023.25,659725
2024-02-26,17977.0,18059.5,17922.0,17961.5,526169
2024-02-27,18021.0,18040.25,17908.75,17951.0,567818
2024-02-28,17915.25,18019.75,17846.25,18017.5,553731
2024-02-29,18082.75,18109.5,17826.0,17870.0,680147
2024-03-01,18338.25,18372.75,18029.5,18075.0,639153
2024-03-04,18262.0,18377.75,18234.25,18336.0,569342
2024-03-05,17930.25,18252.0,17832.5,18246.0,803857
2024-03-06,18044.25,18174.25,17942.5,17981.0,806131
2024-03-07,18316.25,18360.0,17915.75,18041.0,758499
2024-03-08,18046.75,18436.5,18012.5,18279.0,1048847
2024-03-11,17971.0,18068.25,17890.5,18056.0,472517
2024-03-12,18227.75,18241.75,17930.0,18010.5,281274
2024-03-13,18078.5,18256.5,18033.25,18218.0,179714
2024-03-14,18024.5,18177.75,17915.5,18094.25,110277
2024-03-15,17854.75,18074.75,17831.75,18006.0,705711
2024-03-18,18231.5,18381.0,18062.25,18073.5,656629
2024-03-19,18270.0,18289.25,18053.25,18222.0,660394
2024-03-20,18479.75,18545.0,18227.5,18274.0,618809
2024-03-21,18561.75,18709.0,18526.75,18539.75,606959
2024-03-22,18574.75,18626.0,18492.0,18580.5,511962
2024-03-25,18513.5,18601.25,18414.75,18567.0,456250
2024-03-26,18449.0,18619.0,18439.25,18531.25,516507
2024-03-27,18503.75,18571.75,18378.5,18477.5,605634
2024-03-28,18475.0,18538.75,18447.5,18505.0,515193
2024-04-01,18497.25,18612.0,18414.5,18503.0,572133
2024-04-02,18330.0,18511.0,18201.5,18497.25,618982
2024-04-03,18373.25,18451.75,18232.5,18345.0,597987
2024-04-04,18076.75,18568.0,18055.25,18388.5,777140
2024-04-05,18300.75,18408.25,18051.5,18086.25,809193
2024-04-08,18295.0,18376.0,18237.5,18348.25,524203
2024-04-09,18359.75,18407.25,18160.75,18314.75,696069
2024-04-10,18196.75,18474.25,18053.5,18381.0,880504
2024-04-11,18485.0,18518.75,18088.0,18184.0,728802
2024-04-12,18179.25,18507.75,18120.25,18486.25,787334
2024-04-15,17876.25,18350.75,17841.5,18151.0,797316
2024-04-16,17881.25,17988.0,17792.0,17879.0,766364
2024-04-17,17658.5,17968.5,17615.25,17897.0,844749
2024-04-18,17547.25,17770.75,17506.25,17669.75,756158
2024-04-19,17180.75,17553.25,17113.25,17530.75,1023135
2024-04-22,17350.0,17448.0,17148.5,17228.25,646130
2024-04-23,17606.75,17666.0,17286.25,17352.25,601826
2024-04-24,17664.5,17795.5,17481.75,17682.0,667402
2024-04-25,17567.5,17827.5,17308.25,17450.0,820011
2024-04-26,17845.75,17901.5,17668.25,17808.25,628227
2024-04-29,17904.25,17949.0,17791.25,17864.75,528891
2024-04-30,17571.25,17920.25,17473.5,17918.5,677704
2024-05-01,17438.25,17793.25,17399.25,17462.5,791170
2024-05-02,17649.75,17755.25,17386.25,17487.0,635300
2024-05-03,18000.75,18050.25,17719.5,17744.25,556949
2024-05-06,18195.5,18201.25,17983.75,18047.5,395489
2024-05-07,18199.5,18266.25,18151.0,18189.5,469722
2024-05-08,18186.5,18242.25,18072.5,18194.0,453714
2024-05-09,18214.5,18240.25,18103.75,18160.75,471196
2024-05-10,18255.0,18348.0,18188.5,18226.0,473881
2024-05-13,18295.5,18336.25,18228.75,18238.0,411036
2024-05-14,18415.0,18433.0,18165.5,18282.0,555369
2024-05-15,18691.75,18707.0,18393.0,18409.75,605869
2024-05-16,18650.0,18760.75,18633.25,18693.25,548582
2024-05-17,18635.25,18686.75,18545.0,18642.0,489227
2024-05-20,18763.0,18794.5,18633.0,18633.5,470381
2024-05-21,18799.25,18808.75,18678.0,18746.0,426117
2024-05-22,18786.75,18891.0,18684.25,18798.25,578439
2024-05-23,18696.25,19023.25,18621.5,18860.5,851576
2024-05-24,18876.0,18926.0,18680.0,18684.0,552083
2024-05-28,18940.5,18980.5,18819.5,18874.75,642954
2024-05-29,18802.75,18949.75,18740.0,18949.5,573938
2024-05-30,18606.5,18787.0,18546.25,18753.0,619548
2024-05-31,18591.0,18668.25,18241.25,18590.75,834003
2024-06-03,18646.25,18755.5,18435.75,18590.25,669104
2024-06-04,18701.0,18753.25,18511.25,18662.5,616703
2024-06-05,19074.25,19090.5,18696.25,18711.0,575227
2024-06-06,19060.25,19124.5,19017.25,19089.5,524900
2024-06-07,19037.75,19155.0,18940.0,19064.0,612033
2024-06-10,19109.75,19129.75,18974.25,19025.0,571666
2024-06-11,19242.25,19257.5,18994.5,19107.25,564706
2024-06-12,19496.5,19612.25,19233.5,19248.0,691079
2024-06-13,19602.5,19691.0,19500.0,19602.0,584725
2024-06-14,19685.5,19699.5,19501.5,19602.75,584288
2024-06-17,19921.25,20001.0,19640.5,19695.0,423232
2024-06-18,19919.25,19996.5,19851.75,19918.5,201834
2024-06-20,19763.25,20095.0,19694.25,19930.25,157046
2024-06-21,19747.2890625,19819.25,19687.5,19781.25,590839
2024-06-24,19750.75,20030.25,19728.0,20014.75,683900
2024-06-25,19972.25,19981.25,19726.0,19756.0,574518
2024-06-26,20012.5,20070.5,19901.0,19973.0,590175
2024-06-27,20039.5,20116.75,19874.25,19946.0,589649
2024-06-28,19927.25,20273.25,19906.25,20063.25,750324
2024-07-01,20052.0,20074.0,19811.75,19970.0,639341
2024-07-02,20255.25,20259.25,19910.0,20045.75,621477
2024-07-03,20411.5,20435.25,20205.0,20241.0,395129
2024-07-05,20620.75,20639.5,20361.0,20419.25,600207
2024-07-08,20659.75,20688.0,20579.25,20591.5,497107
2024-07-09,20678.5,20771.75,20615.75,20681.0,569689
2024-07-10,20899.75,20916.75,20684.5,20686.0,576694
2024-07-11,20441.75,20983.75,20377.25,20895.5,906128
2024-07-12,20524.0,20741.0,20335.0,20432.75,724343
2024-07-15,20583.75,20797.0,20506.25,20580.0,703410
2024-07-16,20598.0,20684.5,20464.5,20628.0,629745
2024-07-17,19997.5,20597.75,19965.75,20591.0,854323
2024-07-18,19899.25,20162.5,19758.75,20024.25,964287
2024-07-19,19713.0,19979.75,19654.0,19955.0,774109
2024-07-22,20001.0,20044.75,19718.75,19749.0,657854
2024-07-23,19925.0,20084.75,19868.25,19982.0,601990
2024-07-24,19203.25,19883.0,19168.75,19883.0,846812
2024-07-25,18992.25,19390.5,18883.25,19260.0,992015
2024-07-26,19174.5,19297.75,18995.0,19003.0,694702
2024-07-29,19209.25,19377.25,19113.25,19171.75,600017
2024-07-30,18936.25,19319.75,18725.0,19217.0,745002
2024-07-31,19505.25,19648.0,18861.75,18865.75,762246
2024-08-01,19023.25,19717.0,18854.0,19593.25,920616
2024-08-02,18556.25,18979.75,18385.75,18956.5,842228
2024-08-05,18013.25,18390.0,17351.0,18390.0,937137
2024-08-06,18179.0,18483.25,17966.0,18165.75,697089
2024-08-07,17966.5,18558.5,17836.25,18033.0,725244
2024-08-08,18525.25,18593.5,17741.75,17873.0,663957
2024-08-09,18616.0,18674.5,18383.0,18550.25,501761
2024-08-12,18639.5,18765.25,18515.0,18590.0,469892
2024-08-13,19104.25,19122.5,18628.5,18648.25,497670
2024-08-14,19115.0,19203.5,18925.5,19099.25,553997
2024-08-15,19581.25,19603.25,19100.5,19142.5,522322
2024-08-16,19605.75,19683.0,19447.5,19570.25,458933
2024-08-19,19857.75,19871.75,19525.25,19629.0,429305
2024-08-20,19809.5,19931.0,19743.0,19857.75,485435
2024-08-21,19909.5,19981.75,19771.5,19803.0,479077
2024-08-22,19578.25,20025.25,19542.0,19921.25,630179
2024-08-23,19790.75,19904.25,19591.75,19621.5,581201
2024-08-26,19591.25,19846.25,19505.5,19787.75,473540
2024-08-27,19653.75,19694.25,19441.5,19558.75,441146
2024-08-28,19415.75,19691.0,19227.25,19635.5,537278
2024-08-29,19393.25,19693.5,19140.25,19217.0,669705
2024-08-30,19623.0,19632.75,19370.5,19445.75,495609
2024-09-03,19006.5,19683.0,18911.0,19599.0,698442
2024-09-04,18962.5,19114.75,18825.75,18993.75,582116
2024-09-05,18963.5,19150.5,18827.25,18965.75,585125
2024-09-06,18458.25,18972.25,18339.75,18921.0,726350
2024-09-09,18692.25,18734.5,18386.0,18400.0,726350
2024-09-10,18864.0,18878.5,18582.25,18727.0,536220
2024-09-11,19271.0,19293.5,18547.0,18837.75,729344
2024-09-12,19447.25,19483.5,19185.0,19241.5,581032
2024-09-13,19530.25,19577.25,19398.25,19419.5,467948
2024-09-16,19433.0,19546.5,19299.25,19498.0,339781
2024-09-17,19439.25,19615.5,19341.0,19426.5,254059
2024-09-18,19349.25,19660.0,19331.0,19451.0,138848
2024-09-19,19850.25,19966.25,19408.75,19420.5,134917
2024-09-20,19808.009765625,19838.25,19746.5,19831.25,479646
2024-09-23,20080.0,20164.0,19955.25,20040.0,394947
2024-09-24,20167.75,20214.75,19953.0,20063.25,457126
2024-09-25,20192.0,20271.0,20064.25,20183.75,405050
2024-09-26,20346.25,20538.0,20188.0,20242.0,509755
2024-09-27,20221.5,20395.75,20173.0,20345.0,435634
2024-09-30,20261.25,20287.0,20056.0,20198.5,510434
2024-10-01,19975.0,20331.75,19818.0,20234.25,662776
2024-10-02,20009.75,20090.25,19833.5,19975.25,475599
2024-10-03,19990.25,20113.75,19852.0,20055.5,526765
2024-10-04,20227.25,20263.75,19941.5,19965.5,560070
2024-10-07,19992.75,20267.25,19948.0,20220.0,450371
2024-10-08,20298.5,20329.5,19902.5,20025.75,444750
2024-10-09,20463.5,20482.75,20196.0,20294.25,421249
2024-10-10,20429.75,20508.25,20301.5,20445.25,450569
2024-10-11,20450.0,20494.25,20314.75,20435.0,385312
2024-10-14,20619.25,20680.0,20383.25,20432.5,395756
2024-10-15,20342.0,20659.25,20254.0,20638.75,522391
2024-10-16,20349.5,20398.5,20206.25,20334.5,417571
2024-10-17,20368.0,20594.75,20276.75,20328.0,535486
2024-10-18,20483.5,20529.75,20320.75,20384.0,385566
2024-10-21,20519.5,20554.5,20343.75,20496.25,456078
2024-10-22,20542.0,20602.25,20360.25,20536.5,476324
2024-10-23,20220.5,20542.5,20079.0,20521.0,619162
2024-10-24,20380.25,20428.5,20261.75,20294.25,462552
2024-10-25,20498.75,20707.25,20364.0,20388.5,585929
2024-10-28,20497.0,20676.5,20486.0,20525.5,430120
2024-10-29,20696.5,20760.25,20432.25,20513.0,498020
2024-10-30,20534.75,20788.5,20472.5,20734.0,519409
2024-10-31,20021.75,20495.75,20008.5,20482.0,686677
2024-11-01,20153.25,20288.0,20017.0,20071.0,554025
2024-11-04,20086.0,20248.5,20013.0,20138.0,520521
2024-11-05,20341.75,20385.5,20041.75,20130.75,450115
2024-11-06,20894.0,20935.25,20323.5,20360.5,632408
2024-11-07,21224.75,21253.0,20861.5,20923.5,462805
2024-11-08,21231.25,21265.0,21121.75,21224.25,401943
2024-11-11,21217.75,21340.75,21098.25,21249.75,456006
2024-11-12,21189.5,21251.75,21054.75,21221.0,511372
2024-11-13,21159.5,21268.5,21056.5,21178.0,533739
2024-11-14,21011.75,21190.25,20950.5,21167.0,561950
2024-11-15,20493.75,20981.5,20405.25,20977.5,691851
2024-11-18,20633.5,20724.25,20476.0,20504.0,525474
2024-11-19,20767.75,20792.5,20382.5,20633.25,553617
2024-11-20,20749.0,20843.25,20477.0,20762.25,619493
2024-11-21,20829.5,20905.75,20514.25,20738.0,698342
2024-11-22,20849.75,20880.0,20693.25,20794.0,541554
2024-11-25,20880.25,21081.0,20780.25,20935.0,544568
2024-11-26,20993.5,21024.75,20755.0,20906.25,505254
2024-11-27,20813.0,21019.0,20675.0,20990.75,520026
2024-11-29,20993.5,21017.5,20805.5,20813.0,339955
2024-12-02,21218.0,21259.75,20940.0,20995.25,475464
2024-12-03,21281.5,21329.0,21134.25,21220.0,444143
2024-12-04,21536.5,21548.5,21305.75,21323.0,461922
2024-12-05,21473.25,21567.25,21437.5,21513.25,421035
2024-12-06,21656.75,21669.25,21424.75,21450.0,459878
2024-12-09,21483.75,21706.25,21436.0,21649.0,517123
2024-12-10,21405.25,21606.75,21352.75,21479.25,544406
2024-12-11,21793.5,21820.0,21405.75,21436.0,547213
2024-12-12,21651.25,21772.5,21604.25,21756.75,510307
2024-12-13,21795.75,21908.0,21666.5,21720.75,639403
2024-12-16,22110.25,22152.5,21762.0,21780.25,482433
2024-12-17,22014.75,22124.5,21942.25,22115.0,277298
2024-12-18,21218.75,22083.75,21034.25,22010.0,209588
2024-12-19,21112.75,21424.25,21080.0,21218.5,124728
2024-12-20,20947.98046875,21151.5,20745.0,21151.5,864714
2024-12-23,21753.25,21776.75,21476.75,21566.0,508598
2024-12-24,22028.5,22049.75,21709.0,21743.25,261201
2024-12-26,22008.0,22111.25,21870.25,22049.5,407116
2024-12-27,21698.5,22008.0,21498.75,21990.75,572604
2024-12-30,21416.25,21742.75,21253.0,21711.0,530975
2024-12-31,21226.5,21524.75,21182.0,21390.25,477280
2025-01-02,21167.5,21490.5,20983.75,21269.0,664742
2025-01-03,21516.5,21559.25,21144.0,21186.75,488243
2025-01-06,21744.5,21896.75,21478.25,21532.25,574300
2025-01-07,21359.75,21806.0,21279.5,21781.25,645144
2025-01-08,21360.75,21448.25,21166.25,21380.75,637114
2025-01-09,21301.5,21347.25,21218.0,21334.75,77170
2025-01-10,21016.0,21372.5,20874.75,21302.75,703964
2025-01-13,20947.25,21037.0,20694.0,21027.5,617059
2025-01-14,20919.5,21143.75,20773.5,21020.0,676188
2025-01-15,21400.25,21452.75,20909.0,20977.0,551806
2025-01-16,21249.75,21567.25,21172.25,21389.0,598631
2025-01-17,21594.75,21682.5,21209.25,21227.5,594110
2025-01-21,21709.5,21783.5,21377.75,21600.0,662316
2025-01-22,22000.5,22093.5,21768.25,21809.25,508606
2025-01-23,22038.25,22050.5,21855.5,21981.75,476286
2025-01-24,21911.25,22078.25,21844.0,22018.5,522901
2025-01-27,21258.5,21771.0,20763.75,21771.0,1056136
2025-01-28,21581.75,21626.0,21159.5,21343.25,663336
2025-01-29,21523.25,21697.0,21367.0,21559.0,629631
2025-01-30,21624.75,21748.75,21419.5,21547.75,618073
2025-01-31,21589.25,21966.0,21533.75,21680.0,655811
2025-02-03,21405.0,21579.75,20943.0,21200.0,728140
2025-02-04,21670.25,21694.0,21242.5,21592.0,497143
2025-02-05,21763.0,21795.0,21429.75,21562.0,497655
2025-02-06,21871.75,21882.25,21705.75,21764.5,438729
2025-02-07,21590.75,21968.0,21552.75,21817.75,598869
2025-02-10,21846.5,21894.0,21418.0,21463.25,391625
2025-02-11,21786.75,21871.5,21669.5,21832.0,423200
2025-02-12,21804.75,21862.5,21510.75,21794.25,545408
2025-02-13,22113.25,22124.0,21753.0,21861.25,536739
2025-02-14,22196.25,22225.0,22042.5,22071.0,433212
2025-02-18,22232.25,22319.75,22102.75,22235.75,567203
2025-02-19,22250.5,22299.75,22118.0,22224.5,496442
2025-02-20,22141.75,22235.5,21951.0,22213.0,563585
2025-02-21,21679.25,22245.5,21652.75,22136.0,708349
2025-02-24,21420.25,21813.0,21407.5,21700.75,670634
2025-02-25,21149.0,21453.75,20990.0,21442.5,805678
2025-02-26,21187.0,21409.25,21055.0,21230.5,646236
2025-02-27,20605.75,21386.5,20583.25,21249.0,854180
2025-02-28,20919.5,20944.25,20460.5,20649.5,845890
2025-03-03,20468.25,21121.0,20316.75,21005.25,833041
2025-03-04,20399.0,20732.5,20075.25,20527.0,958071
2025-03-05,20665.0,20725.0,20215.0,20555.0,783638
2025-03-06,20089.25,20647.5,20003.0,20605.25,763150
2025-03-07,20229.75,20286.25,19765.5,20214.5,763257
2025-03-10,19452.75,20156.5,19272.25,20147.0,798366
2025-03-11,19399.0,19686.75,19139.25,19440.0,857876
2025-03-12,19618.5,19788.75,19387.0,19412.75,702688
2025-03-13,19249.0,19694.0,19170.0,19572.0,761160
2025-03-14,19712.0,19742.5,19296.75,19312.75,742663
2025-03-17,19831.75,19959.25,19550.5,19668.25,584953
2025-03-18,19496.75,19858.0,19397.75,19821.0,360195
2025-03-19,19746.75,19935.0,19455.5,19496.75,210518
2025-03-20,19678.5,19898.75,19530.25,19746.75,116159
2025-03-21,19450.810546875,19728.75,19408.0,19690.75,605235
2025-03-24,20374.25,20409.5,20050.5,20050.5,555043
2025-03-25,20488.5,20524.75,20293.0,20353.0,470886
2025-03-26,20116.5,20536.75,20045.0,20511.5,620685
2025-03-27,19990.25,20199.5,19937.25,20046.0,634738
2025-03-28,19457.0,20011.75,19357.5,19995.25,696397
2025-03-31,19439.5,19489.75,18976.75,19319.75,842547
2025-04-01,19604.5,19644.0,19261.25,19411.25,790964
2025-04-02,19758.0,20044.25,19076.75,19600.5,835319
2025-04-03,18675.5,19177.0,18614.0,19020.0,893793
2025-04-04,17539.0,18713.0,17387.5,18660.0,1199851
2025-04-07,17563.25,18361.5,16460.0,17100.0,1140389
2025-04-08,17243.75,18357.25,16973.5,17665.0,956641
2025-04-09,19288.75,19386.75,16735.0,17220.25,1086917
2025-04-10,18484.5,19383.5,17919.0,19266.75,975104
2025-04-11,18807.5,18873.5,18067.0,18464.75,667630
2025-04-14,18934.75,19256.0,18737.5,19225.0,570510
2025-04-15,18960.25,19144.75,18809.0,18902.5,525790
2025-04-16,18385.25,18861.25,18116.25,18790.0,683175
2025-04-17,18380.75,18652.75,18261.5,18391.25,629368
2025-04-21,17922.25,18383.5,17700.0,18306.25,484750
2025-04-22,18385.0,18514.0,17863.75,17914.0,619146
2025-04-23,18804.0,19165.5,18623.75,18646.0,733977
2025-04-24,19322.0,19418.0,18594.75,18826.5,599457
2025-04-25,19535.25,19589.0,19216.25,19405.0,587589
2025-04-28,19528.0,19623.0,19257.25,19524.5,514474
2025-04-29,19642.0,19688.5,19378.0,19478.25,565539
2025-04-30,19658.5,19880.0,19103.75,19599.75,713642
2025-05-01,19870.75,20125.75,19757.25,19834.0,588901
2025-05-02,20195.25,20276.75,19749.5,19782.5,517806
2025-05-05,20055.5,20201.75,19966.0,20181.5,418875
2025-05-06,19876.5,20036.75,19739.0,20014.25,514526
2025-05-07,19961.0,20133.75,19678.75,19809.0,597360
2025-05-08,20148.0,20337.25,19910.75,19934.5,567597
2025-05-09,20136.75,20288.75,20058.0,20157.0,453686
2025-05-12,20948.75,20996.0,20376.75,20398.5,638564
2025-05-13,21278.0,21346.5,20818.0,20954.75,526706
2025-05-14,21392.5,21419.5,21238.25,21250.0,513593
2025-05-15,21400.25,21529.75,21192.0,21379.75,542990
2025-05-16,21506.0,21512.0,21320.25,21396.0,419242
2025-05-19,21527.0,21544.5,21112.5,21310.75,520282
2025-05-20,21447.25,21562.25,21298.0,21513.0,437865
2025-05-21,21156.75,21558.5,21072.75,21414.75,605668
2025-05-22,21178.25,21337.5,21040.0,21145.0,512634
2025-05-23,20975.0,21236.0,20727.0,21223.75,528055
2025-05-27,21460.5,21488.5,20954.25,20978.0,531358
2025-05-28,21379.75,21567.5,21321.25,21480.0,421653
2025-05-29,21408.5,21858.75,21301.0,21513.0,563888
2025-05-30,21376.75,21433.5,21071.5,21371.25,551092
2025-06-02,21534.5,21576.25,21163.0,21303.75,434593
2025-06-03,21706.0,21759.75,21399.25,21555.0,427859
2025-06-04,21766.5,21803.0,21641.0,21688.25,403012
2025-06-05,21582.25,21935.0,21503.5,21744.75,0
2025-06-06,21789.5,21873.5,21471.0,21471.0,466591
2025-06-09,21821.5,21890.75,21716.0,21799.25,354827
2025-06-10,21962.5,21992.25,21732.0,21824.0,439539
2025-06-11,21887.5,22106.0,21790.75,21945.75,523556
2025-06-12,21932.5,21977.25,21713.25,21871.0,397839
2025-06-13,21644.25,21915.75,21471.0,21909.0,556189
2025-06-16,21941.5,21999.5,21501.75,21554.0,336301
2025-06-17,21730.5,21952.0,21685.0,21950.0,173026
2025-06-18,21720.25,21872.5,21640.5,21705.0,0
2025-06-20,21889.890625,21896.5,21435.5,21731.0,649884
2025-06-23,22073.5,22093.0,21566.75,21648.25,549766
2025-06-24,22412.75,22448.25,22065.75,22079.0,447975
2025-06-25,22461.0,22548.25,22384.5,22412.0,397611
2025-06-26,22669.25,22694.0,22437.75,22461.25,422397
2025-06-27,22751.5,22825.5,22600.0,22676.25,487835
2025-06-30,22893.25,22934.75,22751.5,22751.5,434250
2025-07-01,22692.75,22914.75,22594.5,22867.5,495079
2025-07-02,22843.0,22858.75,22582.0,22694.5,408882
2025-07-03,23062.5,23102.5,22827.0,22845.0,0
2025-07-04,22906.75,23062.5,22882.0,23059.25,0
2025-07-07,22884.75,23028.5,22779.75,22970.0,537930
2025-07-08,22896.75,22972.75,22808.5,22837.75,420913
2025-07-09,23052.75,23112.0,22843.5,22906.5,450523
2025-07-10,23013.25,23090.0,22901.25,23041.0,391782
2025-07-11,22959.0,23048.75,22831.5,23011.75,461057
2025-07-14,23035.5,23066.5,22803.0,22860.75,414465
2025-07-15,23056.75,23222.75,22996.0,23034.25,524056
2025-07-16,23076.5,23100.0,22835.5,23018.75,548602
2025-07-17,23251.0,23279.75,23017.0,23065.5,445290
2025-07-18,23224.25,23320.75,23169.5,23261.25,450704
2025-07-21,23342.0,23424.75,23203.75,23232.5,398833
2025-07-22,23226.25,23367.0,23108.0,23339.5,537829
2025-07-23,23310.75,23418.0,23146.75,23191.25,512963
2025-07-24,23377.5,23424.5,23298.25,23402.25,435559
2025-07-25,23421.25,23476.0,23330.75,23391.5,395469
2025-07-28,23491.25,23585.25,23436.75,23520.0,424393
2025-07-29,23452.0,23652.5,23421.25,23504.25,538169
2025-07-30,23480.5,23689.0,23356.5,23452.0,538732
2025-07-31,23365.0,23845.0,23290.5,23705.0,739642
2025-08-01,22883.75,23347.5,22775.0,23308.5,803558
2025-08-04,23296.5,23352.5,22821.75,22850.0,472671
2025-08-05,23132.0,23404.25,23084.5,23354.0,542676
2025-08-06,23422.75,23445.25,23045.5,23091.75,527514
2025-08-07,23496.25,23671.0,23329.0,23418.5,561716
2025-08-08,23713.75,23767.75,23503.0,23518.25,454190
2025-08-11,23637.5,23804.5,23587.5,23764.0,443981
2025-08-12,23938.0,23953.5,23596.0,23635.0,488577
2025-08-13,23946.5,24068.5,23886.0,23945.0,453506
2025-08-14,23930.5,24007.75,23793.25,23927.75,492051
2025-08-15,23804.0,23963.0,23734.5,23888.75,441888
2025-08-18,23797.75,23881.75,23719.0,23795.0,399622
2025-08-19,23469.5,23838.0,23426.0,23800.75,557582
2025-08-20,23324.0,23485.5,23035.0,23461.0,713574
2025-08-21,23219.75,23369.25,23119.0,23323.0,525924
2025-08-22,23569.75,23650.0,23076.75,23225.25,490867
2025-08-25,23498.25,23616.25,23443.25,23602.0,399485
2025-08-26,23591.5,23611.0,23371.5,23505.75,443746
2025-08-27,23628.75,23689.0,23434.75,23604.0,436560
2025-08-28,23769.0,23803.75,23487.5,23542.25,486265
2025-08-29,23461.75,23762.0,23397.5,23760.5,0
2025-09-02,23275.0,23552.5,23025.25,23479.0,744115
2025-09-03,23448.75,23525.25,23298.25,23382.0,563651
2025-09-04,23668.0,23708.75,23410.0,23456.75,484986
2025-09-05,23684.0,23902.0,23505.0,23700.0,674088
2025-09-08,23799.75,23888.0,23650.25,23673.5,457632
2025-09-09,23874.0,23921.25,23726.0,23799.0,473187
2025-09-10,23877.75,24044.25,23785.0,23898.5,521709
2025-09-11,24017.75,24046.0,23838.0,23853.75,445071
2025-09-12,24113.25,24159.0,23969.0,24028.25,425565
2025-09-15,24309.25,24315.5,24076.0,24115.25,366064
2025-09-16,24284.0,24403.5,24258.25,24290.0,211077
2025-09-17,24222.5,24312.5,24003.75,24290.0,171533
2025-09-18,24460.25,24569.5,24248.5,24250.25,106669
2025-09-19,24568.0703125,24575.0,24412.5,24468.25,505600
2025-09-22,25003.0,25027.25,24748.75,24850.0,481197
2025-09-23,24827.25,25026.0,24780.5,24995.0,564182
2025-09-24,24739.25,24913.5,24627.0,24839.5,530441
2025-09-25,24629.25,24793.5,24422.5,24746.0,710112
2025-09-26,24726.75,24747.5,24520.0,24642.5,548790
2025-09-29,24837.75,24975.5,24721.75,24726.5,508361
2025-09-30,24901.75,24913.75,24722.25,24817.75,513254
2025-10-01,25017.5,25036.75,24633.25,24843.0,474674
2025-10-02,25110.0,25180.0,24993.75,25009.25,460294
2025-10-03,24992.0,25196.5,24923.25,25101.5,490721
2025-10-06,25184.75,25252.75,24995.0,25000.0,414908
2025-10-07,25039.25,25275.0,24984.75,25184.5,539431
2025-10-08,25331.0,25364.75,25026.25,25059.75,451309
2025-10-09,25289.25,25394.0,25160.75,25351.5,500933
2025-10-10,24397.0,25388.0,24158.5,25287.75,934374
2025-10-13,24922.25,24965.0,24542.0,24542.0,934374
2025-10-14,24762.5,25044.25,24421.0,24913.75,729059
2025-10-15,24924.5,25115.0,24663.25,24754.0,637036
2025-10-16,24831.25,25179.5,24643.5,24937.0,738759
2025-10-17,24986.5,25055.75,24410.0,24793.75,743681
2025-10-20,25305.25,25354.5,24955.75,25065.75,437206
2025-10-21,25294.75,25368.0,25203.25,25326.75,441490
2025-10-22,25039.25,25338.25,24804.75,25283.75,695128
2025-10-23,25254.0,25296.0,24937.0,25012.25,527352
2025-10-24,25509.25,25570.75,25276.0,25283.25,467727
2025-10-27,25963.75,26013.5,25700.0,25723.5,435230
2025-10-28,26163.5,26231.5,25943.0,26002.5,452121
2025-10-29,26262.5,26379.75,26049.25,26179.75,557797
2025-10-30,25882.75,26399.0,25853.0,26154.5,665782
2025-10-31,26004.0,26274.0,25888.75,26150.5,597984
2025-11-03,26103.25,26266.0,26012.75,26028.25,0
2025-11-04,25575.25,26104.5,25522.75,26104.5,669483
2025-11-05,25746.25,25880.0,25282.0,25545.0,618171
2025-11-06,25244.25,25822.25,25197.75,25738.5,754444
2025-11-07,25166.25,25354.75,24709.25,25314.75,765092
2025-11-10,25714.5,25760.5,25269.0,25320.75,626203
2025-11-11,25640.75,25768.75,25478.5,25722.25,537967
2025-11-12,25623.75,25830.0,25488.75,25668.0,606259
2025-11-13,25094.75,25721.5,25002.5,25624.0,775125
2025-11-14,25094.0,25293.25,24626.0,25095.25,862322
2025-11-17,24879.0,25361.25,24731.75,25142.25,738978
2025-11-18,24595.75,24959.5,24376.25,24905.5,871074
2025-11-19,24721.75,24988.0,24445.0,24551.0,770449
2025-11-20,24131.5,25310.0,24073.25,24966.75,995836
2025-11-21,24305.5,24596.25,23904.5,24110.0,918728
2025-11-24,24948.25,24993.5,24361.75,24455.75,604148
2025-11-25,25085.5,25135.25,24602.0,24966.25,629575
2025-11-26,25302.25,25376.0,25061.25,25071.25,522196
2025-11-28,25482.0,25499.75,25285.75,25313.0,199445
2025-12-01,25391.25,25546.0,25193.25,25482.5,574734
2025-12-02,25606.0,25670.0,25324.75,25411.5,561951
2025-12-03,25657.5,25685.25,25421.5,25611.0,494194
2025-12-04,25622.75,25732.5,25488.75,25650.25,509526
2025-12-05,25732.0,25868.0,25579.75,25629.75,498264
2025-12-08,25664.0,25860.75,25564.75,25750.0,473150
2025-12-09,25699.75,25735.75,25560.0,25713.0,407387
2025-12-10,25798.0,25870.75,25528.75,25680.0,556710
2025-12-11,25713.5,25861.5,25383.0,25769.5,637723
2025-12-12,25213.5,25733.25,25118.0,25701.0,760749
2025-12-15,25093.25,25410.0,25033.25,25223.5,448073
2025-12-16,25139.0,25202.5,24828.0,25101.25,247876
2025-12-17,24668.75,25266.0,24654.5,25091.75,139991
2025-12-18,25028.25,25178.0,24675.5,24744.0,111598
2025-12-19,25132.7890625,25160.0,24977.5,25002.5,502611
2025-12-22,25692.25,25794.75,25628.0,25635.25,367322
2025-12-23,25812.25,25822.5,25608.25,25701.0,336346
2025-12-24,25880.5,25892.0,25777.5,25815.75,163037
2025-12-26,25863.25,25935.25,25834.25,25868.0,240485
2025-12-29,25739.75,25893.75,25648.0,25863.25,347055
2025-12-30,25675.25,25793.75,25668.25,25740.0,300558
2025-12-31,25456.75,25716.75,25429.0,25683.25,329352
2026-01-02,25385.25,25803.75,25265.25,25478.5,554838
2026-01-05,25577.75,25708.0,25406.5,25431.75,461305
2026-01-06,25822.0,25837.75,25527.5,25583.0,445573
2026-01-07,25838.75,25996.25,25727.0,25831.25,477861
2026-01-08,25687.5,25849.75,25569.0,25838.75,510805
2026-01-09,25938.25,25985.5,25615.5,25725.0,509669
2026-01-12,25956.75,26020.5,25632.75,25949.0,452996
2026-01-13,25906.0,26045.5,25803.25,25953.5,560438
2026-01-14,25631.0,25925.75,25420.75,25900.75,647871
2026-01-15,25705.75,25952.75,25562.5,25593.0,591058
2026-01-16,25689.0,25891.0,25591.5,25720.5,490573
2026-01-20,25129.25,25472.0,25095.25,25471.0,864568
2026-01-21,25471.0,25653.5,25025.0,25149.5,810753
2026-01-22,25658.25,25739.75,25483.75,25529.5,533607
2026-01-23,25738.25,25845.75,25540.25,25605.0,504901
2026-01-26,25848.5,25936.5,25365.25,25585.5,450290
2026-01-27,26073.0,26118.0,25838.5,25861.25,429460
2026-01-28,26156.25,26349.0,25993.25,26111.25,511937
2026-01-29,25999.25,26296.0,25536.0,26282.5,699097
2026-01-30,25670.0,26020.0,25568.75,25998.5,712197
2026-02-02,25850.0,25949.5,25180.25,25530.0,578865
2026-02-03,25452.0,26027.75,25219.0,25876.5,696150
2026-02-04,24999.25,25514.25,24783.5,25387.5,742646
2026-02-05,24651.0,25169.0,24407.25,25061.75,774469
2026-02-06,25163.25,25222.0,24239.75,24416.0,653956
2026-02-09,25354.0,25428.75,24955.5,25153.75,492306
2026-02-10,25218.25,25447.25,25198.25,25363.0,477554
2026-02-11,25288.5,25465.25,25058.25,25259.0,531730
2026-02-12,24768.0,25419.75,24721.5,25289.0,668338
2026-02-13,24803.25,24995.5,24578.75,24842.25,688226
2026-02-17,24767.75,24922.25,24449.25,24789.75,752646
2026-02-18,24956.0,25128.25,24700.75,24773.75,540796
2026-02-19,24858.75,25054.0,24749.0,24943.5,515038
2026-02-20,25067.5,25139.5,24678.5,24837.75,615358
2026-02-23,24762.75,25059.75,24668.0,25033.75,594568
2026-02-24,25028.75,25078.75,24694.5,24788.0,520239
2026-02-25,25382.0,25494.75,24992.0,25016.25,417621
2026-02-26,25081.0,25418.25,24861.75,25388.25,605581
2026-02-27,25004.75,25098.75,24782.0,25024.25,561211
2026-03-02,25025.25,25101.0,24477.0,24682.5,627650
2026-03-03,24755.75,25011.0,24352.0,25002.75,719421
2026-03-04,25128.25,25217.75,24499.0,24710.75,603596
2026-03-05,25049.5,25250.0,24772.5,25156.5,683962
2026-03-06,24670.25,25141.5,24601.0,25019.75,645082
2026-03-09,24991.0,25058.0,24000.0,24435.25,708630
2026-03-10,24982.5,25217.5,24830.0,24981.5,564644
2026-03-11,24983.5,25180.0,24873.5,25010.25,476593
2026-03-12,24560.0,24949.25,24517.75,24934.5,565145
2026-03-13,24394.25,24805.25,24333.75,24567.0,609146
2026-03-16,24675.75,24816.25,24278.0,24285.0,413547
2026-03-17,24795.5,24896.0,24517.0,24668.75,204810
2026-03-18,24434.5,24989.0,24350.0,24796.0,126918
2026-03-19,24364.0,24505.25,24115.0,24399.75,69553
2026-03-20,24291.779296875,24444.0,24108.75,24417.25,611673
2026-03-23,24408.25,24763.0,23772.5,23902.0,683625
2026-03-24,24213.75,24550.0,24134.0,24417.25,544209
2026-03-25,24367.75,24539.75,24286.5,24420.0,525449
2026-03-26,23794.25,24421.25,23763.25,24373.5,557306
2026-03-27,23328.5,23976.0,23232.5,23824.0,559271
2026-03-30,23139.75,23574.0,23024.5,23189.5,559453
2026-03-31,23915.0,23975.25,22961.5,23119.5,755160
2026-04-01,24194.75,24348.25,23880.0,23889.0,579693
2026-04-02,24218.0,24266.75,23666.0,24180.0,576893
2026-04-06,24358.5,24452.25,23981.5,24093.5,444473
2026-04-07,24371.0,24451.5,23941.5,24348.75,575961
2026-04-08,25074.25,25257.0,24355.0,24514.0,644388
2026-04-09,25251.5,25269.75,24953.0,25037.75,514186
2026-04-10,25281.25,25393.0,25193.0,25237.0,430719
2026-04-13,25543.5,25599.25,24904.5,24980.0,507117
2026-04-14,25996.75,26003.25,25560.0,25575.25,477724
2026-04-15,26365.5,26377.5,25933.75,25985.75,521771
2026-04-16,26487.25,26564.0,26275.5,26350.0,590117
2026-04-17,26825.5,26884.75,26440.0,26460.0,599136
2026-04-20,26748.75,26827.75,26535.0,26599.75,502901
2026-04-21,26634.75,26901.75,26551.75,26776.75,610696
2026-04-22,27083.0,27136.0,26727.75,26729.5,512026
2026-04-23,26934.0,27155.75,26681.75,27075.0,644095
2026-04-24,27435.0,27462.5,26992.0,26992.0,545525
2026-04-27,27440.5,27542.5,27298.5,27403.25,444514
2026-04-28,27168.75,27512.0,27009.5,27423.0,603738
2026-04-29,27325.25,27414.0,27094.0,27197.25,516846
2026-04-30,27596.0,27622.75,27163.25,27207.0,701348
2026-05-01,27835.75,27917.0,27536.25,27631.75,509821
2026-05-04,27776.0,27965.75,27613.0,27890.0,576727
2026-05-05,28136.0,28247.0,27731.75,27760.0,458058
2026-05-06,28716.75,28800.0,28243.0,28250.0,637911
2026-05-07,28682.25,28944.75,28552.0,28662.75,657049
2026-05-08,29332.5,29386.75,28541.0,28582.0,543817
2026-05-11,29424.0,29480.0,29225.75,29294.0,558723
2026-05-12,29170.0,29455.75,28742.0,29399.0,719824
2026-05-13,29479.25,29565.5,29055.5,29143.75,570739
2026-05-14,29687.75,29782.0,29448.25,29537.0,611771
2026-05-15,29231.75,29734.0,29089.75,29690.0,750779
2026-05-18,29096.0,29419.75,28814.75,29135.0,854443
2026-05-19,28924.25,29188.5,28663.0,29100.0,717466
2026-05-20,29390.5,29397.5,28797.25,28929.75,606377
2026-05-21,29447.25,29554.0,29113.0,29253.0,612220
2026-05-22,29558.75,29749.0,29436.0,29444.0,495134
2026-05-26,30073.5,30118.75,29676.25,29676.25,668516
2026-05-27,30047.25,30379.0,29877.5,30050.0,637375
2026-05-28,30307.0,30344.5,29763.0,30120.0,564551
2026-05-29,30405.25,30536.0,30216.5,30328.0,578992
2026-06-01,30566.25,30693.0,30291.5,30415.5,568793
2026-06-02,30712.75,30763.25,30317.75,30544.75,525212
2026-06-03,30633.25,30807.75,30478.25,30741.75,638765
2026-06-04,30488.25,30603.25,30151.0,30453.0,684303
2026-06-05,29026.5,30422.0,28781.25,30414.0,1044741
2026-06-08,29454.75,29743.0,28822.25,28844.5,846024
2026-06-09,29117.0,29848.25,28227.75,29435.0,1082950
2026-06-10,28554.0,29250.0,28409.0,29094.75,772662
2026-06-11,29464.75,29544.25,28265.75,28455.0,738252
2026-06-12,29662.0,29760.0,29230.0,29456.75,499151
2026-06-15,30559.25,30612.5,29907.0,29907.0,344999
2026-06-16,29995.0,30664.5,29956.75,30539.75,215042
2026-06-17,29687.5,30268.5,29616.0,30006.75,92564
2026-06-18,30263.349609375,30285.75,29758.5,29758.5,92564
2026-06-19,30647.0,30770.75,30388.0,30740.0,103597
